Sample2,Species,Common_name,Taxa,Sex,Situ,Location,Country,CollectionYear,TissueStorage,SampleType,ExtractionKit,Environment,Class,Order,Rough_Class,Diet
Alytes-1,Alytes obstetricans,Common midwife toad,Amphibian,Unknown,Captive,"London Zoo, UK",Captive,2015,Frozen at -20C,Skin swab,Qiagen DNEasy kit,Freshwater,Amphibia,Anura,Amphibia,Carnivore
Alytes-13,Alytes obstetricans,Common midwife toad,Amphibian,Unknown,Captive,"London Zoo, UK",Captive,2015,Frozen at -20C,Skin swab,Qiagen DNEasy kit,Freshwater,Amphibia,Anura,Amphibia,Carnivore
Alytes-14,Alytes obstetricans,Common midwife toad,Amphibian,Unknown,Captive,"London Zoo, UK",Captive,2015,Frozen at -20C,Skin swab,Qiagen DNEasy kit,Freshwater,Amphibia,Anura,Amphibia,Carnivore
Alytes-15,Alytes obstetricans,Common midwife toad,Amphibian,Unknown,Captive,"London Zoo, UK",Captive,2015,Frozen at -20C,Skin swab,Qiagen DNEasy kit,Freshwater,Amphibia,Anura,Amphibia,Carnivore
Alytes-16,Alytes obstetricans,Common midwife toad,Amphibian,Unknown,Captive,"London Zoo, UK",Captive,2015,Frozen at -20C,Skin swab,Qiagen DNEasy kit,Freshwater,Amphibia,Anura,Amphibia,Carnivore
Alytes-2,Alytes obstetricans,Common midwife toad,Amphibian,Unknown,Captive,"London Zoo, UK",Captive,2015,Frozen at -20C,Skin swab,Qiagen DNEasy kit,Freshwater,Amphibia,Anura,Amphibia,Carnivore
Alytes-3,Alytes obstetricans,Common midwife toad,Amphibian,Unknown,Captive,"London Zoo, UK",Captive,2015,Frozen at -20C,Skin swab,Qiagen DNEasy kit,Freshwater,Amphibia,Anura,Amphibia,Carnivore
Alytes-4,Alytes obstetricans,Common midwife toad,Amphibian,Unknown,Captive,"London Zoo, UK",Captive,2015,Frozen at -20C,Skin swab,Qiagen DNEasy kit,Freshwater,Amphibia,Anura,Amphibia,Carnivore
Alytes-5,Alytes obstetricans,Common midwife toad,Amphibian,Unknown,Captive,"London Zoo, UK",Captive,2015,Frozen at -20C,Skin swab,Qiagen DNEasy kit,Freshwater,Amphibia,Anura,Amphibia,Carnivore
Alytes-6,Alytes obstetricans,Common midwife toad,Amphibian,Unknown,Captive,"London Zoo, UK",Captive,2015,Frozen at -20C,Skin swab,Qiagen DNEasy kit,Freshwater,Amphibia,Anura,Amphibia,Carnivore
Alytes-7,Alytes obstetricans,Common midwife toad,Amphibian,Unknown,Captive,"London Zoo, UK",Captive,2015,Frozen at -20C,Skin swab,Qiagen DNEasy kit,Freshwater,Amphibia,Anura,Amphibia,Carnivore
Bufo-A1,Bufo bufo,Common toad,Amphibian,Juvenile,Wild,Norway,Norway,2009,70% ethanol,Whole tadpole,Phenol chlorophorm,Freshwater,Amphibia,Anura,Amphibia,Carnivore
Bufo-A2,Bufo bufo,Common toad,Amphibian,Juvenile,Wild,Norway,Norway,2009,70% ethanol,Whole tadpole,Phenol chlorophorm,Freshwater,Amphibia,Anura,Amphibia,Carnivore
Bufo-M1,Bufo bufo,Common toad,Amphibian,Juvenile,Wild,Norway,Norway,2009,70% ethanol,Whole tadpole,Phenol chlorophorm,Freshwater,Amphibia,Anura,Amphibia,Carnivore
Bufo-S3,Bufo bufo,Common toad,Amphibian,Juvenile,Wild,Norway,Norway,2009,70% ethanol,Whole tadpole,Phenol chlorophorm,Freshwater,Amphibia,Anura,Amphibia,Carnivore
Bufo-S6,Bufo bufo,Common toad,Amphibian,Juvenile,Wild,Norway,Norway,2009,70% ethanol,Whole tadpole,Phenol chlorophorm,Freshwater,Amphibia,Anura,Amphibia,Carnivore
Bufo-T1-1,Bufo bufo,Common toad,Amphibian,Juvenile,Wild,Norway,Norway,2009,70% ethanol,Whole tadpole,Phenol chlorophorm,Freshwater,Amphibia,Anura,Amphibia,Carnivore
Bufo-T1-2,Bufo bufo,Common toad,Amphibian,Juvenile,Wild,Norway,Norway,2009,70% ethanol,Whole tadpole,Phenol chlorophorm,Freshwater,Amphibia,Anura,Amphibia,Carnivore
Bufo-T1-3,Bufo bufo,Common toad,Amphibian,Juvenile,Wild,Norway,Norway,2009,70% ethanol,Whole tadpole,Phenol chlorophorm,Freshwater,Amphibia,Anura,Amphibia,Carnivore
Bufo-T1-4,Bufo bufo,Common toad,Amphibian,Juvenile,Wild,Norway,Norway,2009,70% ethanol,Whole tadpole,Phenol chlorophorm,Freshwater,Amphibia,Anura,Amphibia,Carnivore
Bufo-T3,Bufo bufo,Common toad,Amphibian,Juvenile,Wild,Norway,Norway,2009,70% ethanol,Whole tadpole,Phenol chlorophorm,Freshwater,Amphibia,Anura,Amphibia,Carnivore
GH11,Triturus cristatus,Great-crested newt,Amphibian,Female,Wild,"Lancashire, UK",UK,2015,70% ethanol,Toe clip,Phenol chlorophorm,Freshwater,Amphibia,Urodela,Amphibia,Carnivore
GH12,Triturus cristatus,Great-crested newt,Amphibian,Female,Wild,"Lancashire, UK",UK,2015,70% ethanol,Toe clip,Phenol chlorophorm,Freshwater,Amphibia,Urodela,Amphibia,Carnivore
GH13,Triturus cristatus,Great-crested newt,Amphibian,Male,Wild,"Lancashire, UK",UK,2015,70% ethanol,Toe clip,Phenol chlorophorm,Freshwater,Amphibia,Urodela,Amphibia,Carnivore
GH17,Triturus cristatus,Great-crested newt,Amphibian,Male,Wild,"Lancashire, UK",UK,2015,70% ethanol,Toe clip,Phenol chlorophorm,Freshwater,Amphibia,Urodela,Amphibia,Carnivore
GH19,Triturus cristatus,Great-crested newt,Amphibian,Male,Wild,"Lancashire, UK",UK,2015,70% ethanol,Toe clip,Phenol chlorophorm,Freshwater,Amphibia,Urodela,Amphibia,Carnivore
GH21,Triturus cristatus,Great-crested newt,Amphibian,Male,Wild,"Lancashire, UK",UK,2015,70% ethanol,Toe clip,Phenol chlorophorm,Freshwater,Amphibia,Urodela,Amphibia,Carnivore
GH23,Triturus cristatus,Great-crested newt,Amphibian,Male,Wild,"Lancashire, UK",UK,2015,70% ethanol,Toe clip,Phenol chlorophorm,Freshwater,Amphibia,Urodela,Amphibia,Carnivore
GH4,Triturus cristatus,Great-crested newt,Amphibian,Female,Wild,"Lancashire, UK",UK,2015,70% ethanol,Toe clip,Phenol chlorophorm,Freshwater,Amphibia,Urodela,Amphibia,Carnivore
GH6,Triturus cristatus,Great-crested newt,Amphibian,Female,Wild,"Lancashire, UK",UK,2015,70% ethanol,Toe clip,Phenol chlorophorm,Freshwater,Amphibia,Urodela,Amphibia,Carnivore
GH8,Triturus cristatus,Great-crested newt,Amphibian,Female,Wild,"Lancashire, UK",UK,2015,70% ethanol,Toe clip,Phenol chlorophorm,Freshwater,Amphibia,Urodela,Amphibia,Carnivore
A21,Amietia hymenopus,Phofung river frog,Amphibian,Juvenile,Wild,"Mont-aux-Sources, Drakensberg National Park, South Africa",South Africa,2015,95% ethanol,Tadpole mouthparts,Qiagen Blood and Tissue kit with proteinase K,Freshwater,Amphibia,Anura,Amphibia,Omnivore
A24,Amietia hymenopus,Phofung river frog,Amphibian,Juvenile,Wild,"Mont-aux-Sources, Drakensberg National Park, South Africa",South Africa,2015,95% ethanol,Tadpole mouthparts,Qiagen Blood and Tissue kit with proteinase K,Freshwater,Amphibia,Anura,Amphibia,Omnivore
B17,Amietia hymenopus,Phofung river frog,Amphibian,Juvenile,Wild,"Mont-aux-Sources, Drakensberg National Park, South Africa",South Africa,2015,95% ethanol,Tadpole mouthparts,Qiagen Blood and Tissue kit with proteinase K,Freshwater,Amphibia,Anura,Amphibia,Omnivore
C18,Amietia hymenopus,Phofung river frog,Amphibian,Juvenile,Wild,"Mont-aux-Sources, Drakensberg National Park, South Africa",South Africa,2015,95% ethanol,Tadpole mouthparts,Qiagen Blood and Tissue kit with proteinase K,Freshwater,Amphibia,Anura,Amphibia,Omnivore
C19,Amietia hymenopus,Phofung river frog,Amphibian,Juvenile,Wild,"Mont-aux-Sources, Drakensberg National Park, South Africa",South Africa,2015,95% ethanol,Tadpole mouthparts,Qiagen Blood and Tissue kit with proteinase K,Freshwater,Amphibia,Anura,Amphibia,Omnivore
F23,Amietia hymenopus,Phofung river frog,Amphibian,Juvenile,Wild,"Mont-aux-Sources, Drakensberg National Park, South Africa",South Africa,2015,95% ethanol,Tadpole mouthparts,Qiagen Blood and Tissue kit with proteinase K,Freshwater,Amphibia,Anura,Amphibia,Omnivore
G19,Amietia hymenopus,Phofung river frog,Amphibian,Juvenile,Wild,"Mont-aux-Sources, Drakensberg National Park, South Africa",South Africa,2015,95% ethanol,Tadpole mouthparts,Qiagen Blood and Tissue kit with proteinase K,Freshwater,Amphibia,Anura,Amphibia,Omnivore
G25,Amietia hymenopus,Phofung river frog,Amphibian,Juvenile,Wild,"Mont-aux-Sources, Drakensberg National Park, South Africa",South Africa,2015,95% ethanol,Tadpole mouthparts,Qiagen Blood and Tissue kit with proteinase K,Freshwater,Amphibia,Anura,Amphibia,Omnivore
H15,Amietia hymenopus,Phofung river frog,Amphibian,Juvenile,Wild,"Mont-aux-Sources, Drakensberg National Park, South Africa",South Africa,2015,95% ethanol,Tadpole mouthparts,Qiagen Blood and Tissue kit with proteinase K,Freshwater,Amphibia,Anura,Amphibia,Omnivore
H21,Amietia hymenopus,Phofung river frog,Amphibian,Juvenile,Wild,"Mont-aux-Sources, Drakensberg National Park, South Africa",South Africa,2015,95% ethanol,Tadpole mouthparts,Qiagen Blood and Tissue kit with proteinase K,Freshwater,Amphibia,Anura,Amphibia,Omnivore
Bird25,Sylvia atricapilla,Blackcap,Bird,Unknown,Wild,"Lincolnshire, UK",UK,2018,Frozen at -20C,Faeces,Qiagen PowerSoil Pro kit,Terrestrial,Aves,Passeriformes,Aves,Omnivore
Bird26,Sylvia atricapilla,Blackcap,Bird,Unknown,Wild,"Lincolnshire, UK",UK,2018,Frozen at -20C,Faeces,Qiagen PowerSoil Pro kit,Terrestrial,Aves,Passeriformes,Aves,Omnivore
Bird27,Sylvia atricapilla,Blackcap,Bird,Male,Wild,"Lincolnshire, UK",UK,2018,Frozen at -20C,Faeces,Qiagen PowerSoil Pro kit,Terrestrial,Aves,Passeriformes,Aves,Omnivore
Bird28,Sylvia atricapilla,Blackcap,Bird,Female,Wild,"Lincolnshire, UK",UK,2018,Frozen at -20C,Faeces,Qiagen PowerSoil Pro kit,Terrestrial,Aves,Passeriformes,Aves,Omnivore
Bird29,Sylvia atricapilla,Blackcap,Bird,Female,Wild,"Lincolnshire, UK",UK,2018,Frozen at -20C,Faeces,Qiagen PowerSoil Pro kit,Terrestrial,Aves,Passeriformes,Aves,Omnivore
Bird30,Sylvia atricapilla,Blackcap,Bird,Male,Wild,"Lincolnshire, UK",UK,2018,Frozen at -20C,Faeces,Qiagen PowerSoil Pro kit,Terrestrial,Aves,Passeriformes,Aves,Omnivore
Bird31,Sylvia atricapilla,Blackcap,Bird,Unknown,Wild,"Lincolnshire, UK",UK,2018,Frozen at -20C,Faeces,Qiagen PowerSoil Pro kit,Terrestrial,Aves,Passeriformes,Aves,Omnivore
Bird32,Sylvia atricapilla,Blackcap,Bird,Male,Wild,"Lincolnshire, UK",UK,2018,Frozen at -20C,Faeces,Qiagen PowerSoil Pro kit,Terrestrial,Aves,Passeriformes,Aves,Omnivore
Bird33,Cyanistes caeruleus,Blue tit,Bird,Unknown,Wild,"Lincolnshire, UK",UK,2018,Frozen at -20C,Faeces,Qiagen PowerSoil Pro kit,Terrestrial,Aves,Passeriformes,Aves,Omnivore
Bird34,Cyanistes caeruleus,Blue tit,Bird,Unknown,Wild,"Lincolnshire, UK",UK,2018,Frozen at -20C,Faeces,Qiagen PowerSoil Pro kit,Terrestrial,Aves,Passeriformes,Aves,Omnivore
Bird35,Cyanistes caeruleus,Blue tit,Bird,Unknown,Wild,"Lincolnshire, UK",UK,2018,Frozen at -20C,Faeces,Qiagen PowerSoil Pro kit,Terrestrial,Aves,Passeriformes,Aves,Omnivore
Bird36,Cyanistes caeruleus,Blue tit,Bird,Unknown,Wild,"Lincolnshire, UK",UK,2018,Frozen at -20C,Faeces,Qiagen PowerSoil Pro kit,Terrestrial,Aves,Passeriformes,Aves,Omnivore
Bird37,Cyanistes caeruleus,Blue tit,Bird,Unknown,Wild,"Lincolnshire, UK",UK,2018,Frozen at -20C,Faeces,Qiagen PowerSoil Pro kit,Terrestrial,Aves,Passeriformes,Aves,Omnivore
Bird38,Cyanistes caeruleus,Blue tit,Bird,Unknown,Wild,"Lincolnshire, UK",UK,2018,Frozen at -20C,Faeces,Qiagen PowerSoil Pro kit,Terrestrial,Aves,Passeriformes,Aves,Omnivore
Bird39,Cyanistes caeruleus,Blue tit,Bird,Unknown,Wild,"Lincolnshire, UK",UK,2018,Frozen at -20C,Faeces,Qiagen PowerSoil Pro kit,Terrestrial,Aves,Passeriformes,Aves,Omnivore
Bird40,Cyanistes caeruleus,Blue tit,Bird,Unknown,Wild,"Lincolnshire, UK",UK,2018,Frozen at -20C,Faeces,Qiagen PowerSoil Pro kit,Terrestrial,Aves,Passeriformes,Aves,Omnivore
CR10,Corvus corone,Carrion crow,Bird,Female,Wild,"Cumbria, UK",UK,2019,Frozen at -20C,Gut contents,Qiagen Microbiome kit,Terrestrial,Aves,Passeriformes,Aves,Omnivore
CR13,Corvus corone,Carrion crow,Bird,Female,Wild,"Cumbria, UK",UK,2019,Frozen at -20C,Gut contents,Qiagen Microbiome kit,Terrestrial,Aves,Passeriformes,Aves,Omnivore
CR14,Corvus corone,Carrion crow,Bird,Female,Wild,"Cumbria, UK",UK,2019,Frozen at -20C,Gut contents,Qiagen Microbiome kit,Terrestrial,Aves,Passeriformes,Aves,Omnivore
CR16,Corvus corone,Carrion crow,Bird,Female,Wild,"Cumbria, UK",UK,2019,Frozen at -20C,Gut contents,Qiagen Microbiome kit,Terrestrial,Aves,Passeriformes,Aves,Omnivore
CR17,Corvus corone,Carrion crow,Bird,Female,Wild,"Cumbria, UK",UK,2019,Frozen at -20C,Gut contents,Qiagen Microbiome kit,Terrestrial,Aves,Passeriformes,Aves,Omnivore
CR18,Corvus corone,Carrion crow,Bird,Female,Wild,"Cumbria, UK",UK,2019,Frozen at -20C,Gut contents,Qiagen Microbiome kit,Terrestrial,Aves,Passeriformes,Aves,Omnivore
CR20,Corvus corone,Carrion crow,Bird,Female,Wild,"Cumbria, UK",UK,2019,Frozen at -20C,Gut contents,Qiagen Microbiome kit,Terrestrial,Aves,Passeriformes,Aves,Omnivore
CR26,Corvus corone,Carrion crow,Bird,Female,Wild,"Cumbria, UK",UK,2019,Frozen at -20C,Gut contents,Qiagen Microbiome kit,Terrestrial,Aves,Passeriformes,Aves,Omnivore
CR3,Corvus corone,Carrion crow,Bird,Female,Wild,"Cumbria, UK",UK,2019,Frozen at -20C,Gut contents,Qiagen Microbiome kit,Terrestrial,Aves,Passeriformes,Aves,Omnivore
CR4,Corvus corone,Carrion crow,Bird,Female,Wild,"Cumbria, UK",UK,2019,Frozen at -20C,Gut contents,Qiagen Microbiome kit,Terrestrial,Aves,Passeriformes,Aves,Omnivore
CR7,Corvus corone,Carrion crow,Bird,Female,Wild,"Cumbria, UK",UK,2019,Frozen at -20C,Gut contents,Qiagen Microbiome kit,Terrestrial,Aves,Passeriformes,Aves,Omnivore
CR8,Corvus corone,Carrion crow,Bird,Female,Wild,"Cumbria, UK",UK,2019,Frozen at -20C,Gut contents,Qiagen Microbiome kit,Terrestrial,Aves,Passeriformes,Aves,Omnivore
Bird65,Phylloscopus collybita,Chiffchaff,Bird,Unknown,Wild,"Lincolnshire, UK",UK,2019,Frozen at -20C,Faeces,Qiagen PowerSoil Pro kit,Terrestrial,Aves,Passeriformes,Aves,Carnivore
Bird66,Phylloscopus collybita,Chiffchaff,Bird,Unknown,Wild,"Lincolnshire, UK",UK,2018,Frozen at -20C,Faeces,Qiagen PowerSoil Pro kit,Terrestrial,Aves,Passeriformes,Aves,Carnivore
Bird67,Phylloscopus collybita,Chiffchaff,Bird,Unknown,Wild,"Lincolnshire, UK",UK,2018,Frozen at -20C,Faeces,Qiagen PowerSoil Pro kit,Terrestrial,Aves,Passeriformes,Aves,Carnivore
Bird68,Phylloscopus collybita,Chiffchaff,Bird,Unknown,Wild,"Lincolnshire, UK",UK,2018,Frozen at -20C,Faeces,Qiagen PowerSoil Pro kit,Terrestrial,Aves,Passeriformes,Aves,Carnivore
Bird69,Phylloscopus collybita,Chiffchaff,Bird,Unknown,Wild,"Lincolnshire, UK",UK,2018,Frozen at -20C,Faeces,Qiagen PowerSoil Pro kit,Terrestrial,Aves,Passeriformes,Aves,Carnivore
Bird70,Phylloscopus collybita,Chiffchaff,Bird,Unknown,Wild,"Lincolnshire, UK",UK,2018,Frozen at -20C,Faeces,Qiagen PowerSoil Pro kit,Terrestrial,Aves,Passeriformes,Aves,Carnivore
Bird71,Phylloscopus collybita,Chiffchaff,Bird,Female,Wild,"Lincolnshire, UK",UK,2018,Frozen at -20C,Faeces,Qiagen PowerSoil Pro kit,Terrestrial,Aves,Passeriformes,Aves,Carnivore
Bird72,Phylloscopus collybita,Chiffchaff,Bird,Unknown,Wild,"Lincolnshire, UK",UK,2018,Frozen at -20C,Faeces,Qiagen PowerSoil Pro kit,Terrestrial,Aves,Passeriformes,Aves,Carnivore
E49,Streptopelia decaocto,Collared dove,Bird,Unknown,Wild,"East Anglia, UK",UK,2013,Frozen at -20C,Faeces,QIAamp Fast DNA Stool Mini kit ,Terrestrial,Aves,Columbiformes,Aves,Herbivore
E51,Streptopelia decaocto,Collared dove,Bird,Unknown,Wild,"East Anglia, UK",UK,2013,Frozen at -20C,Faeces,QIAamp Fast DNA Stool Mini kit ,Terrestrial,Aves,Columbiformes,Aves,Herbivore
E54,Streptopelia decaocto,Collared dove,Bird,Unknown,Wild,"East Anglia, UK",UK,2014,Frozen at -20C,Faeces,QIAamp Fast DNA Stool Mini kit ,Terrestrial,Aves,Columbiformes,Aves,Herbivore
E94,Streptopelia decaocto,Collared dove,Bird,Unknown,Wild,"East Anglia, UK",UK,2014,Frozen at -20C,Faeces,QIAamp Fast DNA Stool Mini kit ,Terrestrial,Aves,Columbiformes,Aves,Herbivore
E95,Streptopelia decaocto,Collared dove,Bird,Unknown,Wild,"East Anglia, UK",UK,2014,Frozen at -20C,Faeces,QIAamp Fast DNA Stool Mini kit ,Terrestrial,Aves,Columbiformes,Aves,Herbivore
E96,Streptopelia decaocto,Collared dove,Bird,Unknown,Wild,"East Anglia, UK",UK,2013,Frozen at -20C,Faeces,QIAamp Fast DNA Stool Mini kit ,Terrestrial,Aves,Columbiformes,Aves,Herbivore
E97,Streptopelia decaocto,Collared dove,Bird,Unknown,Wild,"East Anglia, UK",UK,2014,Frozen at -20C,Faeces,QIAamp Fast DNA Stool Mini kit ,Terrestrial,Aves,Columbiformes,Aves,Herbivore
E98,Streptopelia decaocto,Collared dove,Bird,Unknown,Wild,"East Anglia, UK",UK,2012,Frozen at -20C,Faeces,QIAamp Fast DNA Stool Mini kit ,Terrestrial,Aves,Columbiformes,Aves,Herbivore
Bird49,Carduelis carduelis,Goldfinch,Bird,Male,Wild,"Lincolnshire, UK",UK,2018,Frozen at -20C,Faeces,Qiagen PowerSoil Pro kit,Terrestrial,Aves,Passeriformes,Aves,Omnivore
Bird50,Carduelis carduelis,Goldfinch,Bird,Male,Wild,"Lincolnshire, UK",UK,2019,Frozen at -20C,Faeces,Qiagen PowerSoil Pro kit,Terrestrial,Aves,Passeriformes,Aves,Omnivore
Bird51,Carduelis carduelis,Goldfinch,Bird,Female,Wild,"Lincolnshire, UK",UK,2018,Frozen at -20C,Faeces,Qiagen PowerSoil Pro kit,Terrestrial,Aves,Passeriformes,Aves,Omnivore
Bird52,Carduelis carduelis,Goldfinch,Bird,Male,Wild,"Lincolnshire, UK",UK,2018,Frozen at -20C,Faeces,Qiagen PowerSoil Pro kit,Terrestrial,Aves,Passeriformes,Aves,Omnivore
Bird53,Carduelis carduelis,Goldfinch,Bird,Male,Wild,"Lincolnshire, UK",UK,2018,Frozen at -20C,Faeces,Qiagen PowerSoil Pro kit,Terrestrial,Aves,Passeriformes,Aves,Omnivore
Bird54,Carduelis carduelis,Goldfinch,Bird,Unknown,Wild,"Lincolnshire, UK",UK,2018,Frozen at -20C,Faeces,Qiagen PowerSoil Pro kit,Terrestrial,Aves,Passeriformes,Aves,Omnivore
Bird55,Carduelis carduelis,Goldfinch,Bird,Unknown,Wild,"Lincolnshire, UK",UK,2018,Frozen at -20C,Faeces,Qiagen PowerSoil Pro kit,Terrestrial,Aves,Passeriformes,Aves,Omnivore
Bird56,Carduelis carduelis,Goldfinch,Bird,Male,Wild,"Lincolnshire, UK",UK,2018,Frozen at -20C,Faeces,Qiagen PowerSoil Pro kit,Terrestrial,Aves,Passeriformes,Aves,Omnivore
Bird57,Parus major,Great tit,Bird,Female,Wild,"Lincolnshire, UK",UK,2019,Frozen at -20C,Faeces,Qiagen PowerSoil Pro kit,Terrestrial,Aves,Passeriformes,Aves,Omnivore
Bird58,Parus major,Great tit,Bird,Male,Wild,"Lincolnshire, UK",UK,2018,Frozen at -20C,Faeces,Qiagen PowerSoil Pro kit,Terrestrial,Aves,Passeriformes,Aves,Omnivore
Bird59,Parus major,Great tit,Bird,Female,Wild,"Lincolnshire, UK",UK,2018,Frozen at -20C,Faeces,Qiagen PowerSoil Pro kit,Terrestrial,Aves,Passeriformes,Aves,Omnivore
Bird60,Parus major,Great tit,Bird,Male,Wild,"Lincolnshire, UK",UK,2018,Frozen at -20C,Faeces,Qiagen PowerSoil Pro kit,Terrestrial,Aves,Passeriformes,Aves,Omnivore
Bird61,Parus major,Great tit,Bird,Female,Wild,"Lincolnshire, UK",UK,2018,Frozen at -20C,Faeces,Qiagen PowerSoil Pro kit,Terrestrial,Aves,Passeriformes,Aves,Omnivore
Bird62,Parus major,Great tit,Bird,Unknown,Wild,"Lincolnshire, UK",UK,2018,Frozen at -20C,Faeces,Qiagen PowerSoil Pro kit,Terrestrial,Aves,Passeriformes,Aves,Omnivore
Bird63,Parus major,Great tit,Bird,Male,Wild,"Lincolnshire, UK",UK,2018,Frozen at -20C,Faeces,Qiagen PowerSoil Pro kit,Terrestrial,Aves,Passeriformes,Aves,Omnivore
Bird64,Parus major,Great tit,Bird,Unknown,Wild,"Lincolnshire, UK",UK,2018,Frozen at -20C,Faeces,Qiagen PowerSoil Pro kit,Terrestrial,Aves,Passeriformes,Aves,Omnivore
LB-BG1,Branta bernicla hrota,Light-bellied brent goose,Bird,Unknown,Wild,Iceland,Iceland,2017,Frozen at -20C,Faeces,Qiagen PowerSoil kit,Terrestrial,Aves,Anseriformes,Aves,Herbivore
LB-BG10,Branta bernicla hrota,Light-bellied brent goose,Bird,Unknown,Wild,Iceland,Iceland,2017,Frozen at -20C,Faeces,Qiagen PowerSoil kit,Terrestrial,Aves,Anseriformes,Aves,Herbivore
LB-BG2,Branta bernicla hrota,Light-bellied brent goose,Bird,Unknown,Wild,Iceland,Iceland,2017,Frozen at -20C,Faeces,Qiagen PowerSoil kit,Terrestrial,Aves,Anseriformes,Aves,Herbivore
LB-BG3,Branta bernicla hrota,Light-bellied brent goose,Bird,Unknown,Wild,Iceland,Iceland,2017,Frozen at -20C,Faeces,Qiagen PowerSoil kit,Terrestrial,Aves,Anseriformes,Aves,Herbivore
LB-BG4,Branta bernicla hrota,Light-bellied brent goose,Bird,Unknown,Wild,Iceland,Iceland,2017,Frozen at -20C,Faeces,Qiagen PowerSoil kit,Terrestrial,Aves,Anseriformes,Aves,Herbivore
LB-BG5,Branta bernicla hrota,Light-bellied brent goose,Bird,Unknown,Wild,Iceland,Iceland,2017,Frozen at -20C,Faeces,Qiagen PowerSoil kit,Terrestrial,Aves,Anseriformes,Aves,Herbivore
LB-BG6,Branta bernicla hrota,Light-bellied brent goose,Bird,Unknown,Wild,Iceland,Iceland,2017,Frozen at -20C,Faeces,Qiagen PowerSoil kit,Terrestrial,Aves,Anseriformes,Aves,Herbivore
LB-BG7,Branta bernicla hrota,Light-bellied brent goose,Bird,Unknown,Wild,Iceland,Iceland,2017,Frozen at -20C,Faeces,Qiagen PowerSoil kit,Terrestrial,Aves,Anseriformes,Aves,Herbivore
LB-BG8,Branta bernicla hrota,Light-bellied brent goose,Bird,Unknown,Wild,Iceland,Iceland,2017,Frozen at -20C,Faeces,Qiagen PowerSoil kit,Terrestrial,Aves,Anseriformes,Aves,Herbivore
LB-BG9,Branta bernicla hrota,Light-bellied brent goose,Bird,Unknown,Wild,Iceland,Iceland,2017,Frozen at -20C,Faeces,Qiagen PowerSoil kit,Terrestrial,Aves,Anseriformes,Aves,Herbivore
Bird41,Emberiza schoeniclus,Reed bunting,Bird,Male,Wild,"Lincolnshire, UK",UK,2018,Frozen at -20C,Faeces,Qiagen PowerSoil Pro kit,Terrestrial,Aves,Passeriformes,Aves,Omnivore
Bird42,Emberiza schoeniclus,Reed bunting,Bird,Female,Wild,"Lincolnshire, UK",UK,2018,Frozen at -20C,Faeces,Qiagen PowerSoil Pro kit,Terrestrial,Aves,Passeriformes,Aves,Omnivore
Bird43,Emberiza schoeniclus,Reed bunting,Bird,Female,Wild,"Lincolnshire, UK",UK,2018,Frozen at -20C,Faeces,Qiagen PowerSoil Pro kit,Terrestrial,Aves,Passeriformes,Aves,Omnivore
Bird44,Emberiza schoeniclus,Reed bunting,Bird,Male,Wild,"Lincolnshire, UK",UK,2018,Frozen at -20C,Faeces,Qiagen PowerSoil Pro kit,Terrestrial,Aves,Passeriformes,Aves,Omnivore
Bird45,Emberiza schoeniclus,Reed bunting,Bird,Male,Wild,"Lincolnshire, UK",UK,2018,Frozen at -20C,Faeces,Qiagen PowerSoil Pro kit,Terrestrial,Aves,Passeriformes,Aves,Omnivore
Bird46,Emberiza schoeniclus,Reed bunting,Bird,Male,Wild,"Lincolnshire, UK",UK,2018,Frozen at -20C,Faeces,Qiagen PowerSoil Pro kit,Terrestrial,Aves,Passeriformes,Aves,Omnivore
Bird47,Emberiza schoeniclus,Reed bunting,Bird,Female,Wild,"Lincolnshire, UK",UK,2018,Frozen at -20C,Faeces,Qiagen PowerSoil Pro kit,Terrestrial,Aves,Passeriformes,Aves,Omnivore
Bird48,Emberiza schoeniclus,Reed bunting,Bird,Unknown,Wild,"Lincolnshire, UK",UK,2018,Frozen at -20C,Faeces,Qiagen PowerSoil Pro kit,Terrestrial,Aves,Passeriformes,Aves,Omnivore
Bird10,Acrocephalus scirpaceus,Reed warbler,Bird,Male,Wild,"Lincolnshire, UK",UK,2018,Frozen at -20C,Faeces,Qiagen PowerSoil Pro kit,Terrestrial,Aves,Passeriformes,Aves,Omnivore
Bird11,Acrocephalus scirpaceus,Reed warbler,Bird,Male,Wild,"Lincolnshire, UK",UK,2018,Frozen at -20C,Faeces,Qiagen PowerSoil Pro kit,Terrestrial,Aves,Passeriformes,Aves,Omnivore
Bird12,Acrocephalus scirpaceus,Reed warbler,Bird,Female,Wild,"Lincolnshire, UK",UK,2019,Frozen at -20C,Faeces,Qiagen PowerSoil Pro kit,Terrestrial,Aves,Passeriformes,Aves,Omnivore
Bird13,Acrocephalus scirpaceus,Reed warbler,Bird,Male,Wild,"Lincolnshire, UK",UK,2019,Frozen at -20C,Faeces,Qiagen PowerSoil Pro kit,Terrestrial,Aves,Passeriformes,Aves,Omnivore
Bird14,Acrocephalus scirpaceus,Reed warbler,Bird,Female,Wild,"Lincolnshire, UK",UK,2018,Frozen at -20C,Faeces,Qiagen PowerSoil Pro kit,Terrestrial,Aves,Passeriformes,Aves,Omnivore
Bird15,Acrocephalus scirpaceus,Reed warbler,Bird,Unknown,Wild,"Lincolnshire, UK",UK,2018,Frozen at -20C,Faeces,Qiagen PowerSoil Pro kit,Terrestrial,Aves,Passeriformes,Aves,Omnivore
Bird16,Acrocephalus scirpaceus,Reed warbler,Bird,Unknown,Wild,"Lincolnshire, UK",UK,2018,Frozen at -20C,Faeces,Qiagen PowerSoil Pro kit,Terrestrial,Aves,Passeriformes,Aves,Omnivore
Bird9,Acrocephalus scirpaceus,Reed warbler,Bird,Female,Wild,"Lincolnshire, UK",UK,2019,Frozen at -20C,Faeces,Qiagen PowerSoil Pro kit,Terrestrial,Aves,Passeriformes,Aves,Omnivore
Bird17,Erithacus rubecula,Robin,Bird,Unknown,Wild,"Lincolnshire, UK",UK,2018,Frozen at -20C,Faeces,Qiagen PowerSoil Pro kit,Terrestrial,Aves,Passeriformes,Aves,Omnivore
Bird18,Erithacus rubecula,Robin,Bird,Unknown,Wild,"Lincolnshire, UK",UK,2018,Frozen at -20C,Faeces,Qiagen PowerSoil Pro kit,Terrestrial,Aves,Passeriformes,Aves,Omnivore
Bird19,Erithacus rubecula,Robin,Bird,Unknown,Wild,"Lincolnshire, UK",UK,2018,Frozen at -20C,Faeces,Qiagen PowerSoil Pro kit,Terrestrial,Aves,Passeriformes,Aves,Omnivore
Bird20,Erithacus rubecula,Robin,Bird,Unknown,Wild,"Lincolnshire, UK",UK,2018,Frozen at -20C,Faeces,Qiagen PowerSoil Pro kit,Terrestrial,Aves,Passeriformes,Aves,Omnivore
Bird21,Erithacus rubecula,Robin,Bird,Unknown,Wild,"Lincolnshire, UK",UK,2018,Frozen at -20C,Faeces,Qiagen PowerSoil Pro kit,Terrestrial,Aves,Passeriformes,Aves,Omnivore
Bird22,Erithacus rubecula,Robin,Bird,Unknown,Wild,"Lincolnshire, UK",UK,2018,Frozen at -20C,Faeces,Qiagen PowerSoil Pro kit,Terrestrial,Aves,Passeriformes,Aves,Omnivore
Bird23,Erithacus rubecula,Robin,Bird,Female,Wild,"Lincolnshire, UK",UK,2018,Frozen at -20C,Faeces,Qiagen PowerSoil Pro kit,Terrestrial,Aves,Passeriformes,Aves,Omnivore
Bird24,Erithacus rubecula,Robin,Bird,Male,Wild,"Lincolnshire, UK",UK,2018,Frozen at -20C,Faeces,Qiagen PowerSoil Pro kit,Terrestrial,Aves,Passeriformes,Aves,Omnivore
T1,Turdus philomelos,Song thrush,Bird,Unknown,Wild,"Wenvoe, South Glamorgan, Wales",UK,2015,Frozen at -20C,Faeces,QIAamp Fast DNA Stool Mini kit ,Terrestrial,Aves,Passeriformes,Aves,Omnivore
T19,Turdus philomelos,Song thrush,Bird,Unknown,Wild,"Wenvoe, South Glamorgan, Wales",UK,2015,Frozen at -20C,Faeces,QIAamp Fast DNA Stool Mini kit ,Terrestrial,Aves,Passeriformes,Aves,Omnivore
T45,Turdus philomelos,Song thrush,Bird,Unknown,Wild,"Wenvoe, South Glamorgan, Wales",UK,2015,Frozen at -20C,Faeces,QIAamp Fast DNA Stool Mini kit ,Terrestrial,Aves,Passeriformes,Aves,Omnivore
T53,Turdus philomelos,Song thrush,Bird,Unknown,Wild,"Wenvoe, South Glamorgan, Wales",UK,2015,Frozen at -20C,Faeces,QIAamp Fast DNA Stool Mini kit ,Terrestrial,Aves,Passeriformes,Aves,Omnivore
T54,Turdus philomelos,Song thrush,Bird,Unknown,Wild,"Wenvoe, South Glamorgan, Wales",UK,2015,Frozen at -20C,Faeces,QIAamp Fast DNA Stool Mini kit ,Terrestrial,Aves,Passeriformes,Aves,Omnivore
T66,Turdus philomelos,Song thrush,Bird,Unknown,Wild,"Wenvoe, South Glamorgan, Wales",UK,2015,Frozen at -20C,Faeces,QIAamp Fast DNA Stool Mini kit ,Terrestrial,Aves,Passeriformes,Aves,Omnivore
T75,Turdus philomelos,Song thrush,Bird,Unknown,Wild,"Wenvoe, South Glamorgan, Wales",UK,2015,Frozen at -20C,Faeces,QIAamp Fast DNA Stool Mini kit ,Terrestrial,Aves,Passeriformes,Aves,Omnivore
T85,Turdus philomelos,Song thrush,Bird,Unknown,Wild,"Wenvoe, South Glamorgan, Wales",UK,2015,Frozen at -20C,Faeces,QIAamp Fast DNA Stool Mini kit ,Terrestrial,Aves,Passeriformes,Aves,Omnivore
E99,Columba oenas,Stock dove,Bird,Unknown,Wild,"East Anglia, UK",UK,2013,Frozen at -20C,Faeces,QIAamp Fast DNA Stool Mini kit ,Terrestrial,Aves,Columbiformes,Aves,Herbivore
F1,Columba oenas,Stock dove,Bird,Unknown,Wild,"East Anglia, UK",UK,2014,Frozen at -20C,Faeces,QIAamp Fast DNA Stool Mini kit ,Terrestrial,Aves,Columbiformes,Aves,Herbivore
F10,Columba oenas,Stock dove,Bird,Unknown,Wild,"East Anglia, UK",UK,2014,Frozen at -20C,Faeces,QIAamp Fast DNA Stool Mini kit ,Terrestrial,Aves,Columbiformes,Aves,Herbivore
F11,Columba oenas,Stock dove,Bird,Unknown,Wild,"East Anglia, UK",UK,2013,Frozen at -20C,Faeces,QIAamp Fast DNA Stool Mini kit ,Terrestrial,Aves,Columbiformes,Aves,Herbivore
F12,Columba oenas,Stock dove,Bird,Unknown,Wild,"East Anglia, UK",UK,2013,Frozen at -20C,Faeces,QIAamp Fast DNA Stool Mini kit ,Terrestrial,Aves,Columbiformes,Aves,Herbivore
F2,Columba oenas,Stock dove,Bird,Unknown,Wild,"East Anglia, UK",UK,2014,Frozen at -20C,Faeces,QIAamp Fast DNA Stool Mini kit ,Terrestrial,Aves,Columbiformes,Aves,Herbivore
F3,Columba oenas,Stock dove,Bird,Unknown,Wild,"East Anglia, UK",UK,2013,Frozen at -20C,Faeces,QIAamp Fast DNA Stool Mini kit ,Terrestrial,Aves,Columbiformes,Aves,Herbivore
F5,Columba oenas,Stock dove,Bird,Unknown,Wild,"East Anglia, UK",UK,2014,Frozen at -20C,Faeces,QIAamp Fast DNA Stool Mini kit ,Terrestrial,Aves,Columbiformes,Aves,Herbivore
F8,Columba oenas,Stock dove,Bird,Unknown,Wild,"East Anglia, UK",UK,2014,Frozen at -20C,Faeces,QIAamp Fast DNA Stool Mini kit ,Terrestrial,Aves,Columbiformes,Aves,Herbivore
E69,Streptopelia turtur,Turtle dove,Bird,Unknown,Wild,"East Anglia, UK",UK,2013,Frozen at -20C,Faeces,QIAamp Fast DNA Stool Mini kit ,Terrestrial,Aves,Columbiformes,Aves,Herbivore
E75,Streptopelia turtur,Turtle dove,Bird,Unknown,Wild,"East Anglia, UK",UK,2011,Frozen at -20C,Faeces,QIAamp Fast DNA Stool Mini kit ,Terrestrial,Aves,Columbiformes,Aves,Herbivore
E76,Streptopelia turtur,Turtle dove,Bird,Unknown,Wild,"East Anglia, UK",UK,2011,Frozen at -20C,Faeces,QIAamp Fast DNA Stool Mini kit ,Terrestrial,Aves,Columbiformes,Aves,Herbivore
E81,Streptopelia turtur,Turtle dove,Bird,Unknown,Wild,"East Anglia, UK",UK,2012,Frozen at -20C,Faeces,QIAamp Fast DNA Stool Mini kit ,Terrestrial,Aves,Columbiformes,Aves,Herbivore
E86,Streptopelia turtur,Turtle dove,Bird,Unknown,Wild,"East Anglia, UK",UK,2013,Frozen at -20C,Faeces,QIAamp Fast DNA Stool Mini kit ,Terrestrial,Aves,Columbiformes,Aves,Herbivore
E88,Streptopelia turtur,Turtle dove,Bird,Unknown,Wild,"East Anglia, UK",UK,2012,Frozen at -20C,Faeces,QIAamp Fast DNA Stool Mini kit ,Terrestrial,Aves,Columbiformes,Aves,Herbivore
E89,Streptopelia turtur,Turtle dove,Bird,Unknown,Wild,"East Anglia, UK",UK,2013,Frozen at -20C,Faeces,QIAamp Fast DNA Stool Mini kit ,Terrestrial,Aves,Columbiformes,Aves,Herbivore
F20,Columba palumbus,Woodpigeon,Bird,Unknown,Wild,"East Anglia, UK",UK,2011,Frozen at -20C,Faeces,QIAamp Fast DNA Stool Mini kit ,Terrestrial,Aves,Columbiformes,Aves,Herbivore
F21,Columba palumbus,Woodpigeon,Bird,Unknown,Wild,"East Anglia, UK",UK,2011,Frozen at -20C,Faeces,QIAamp Fast DNA Stool Mini kit ,Terrestrial,Aves,Columbiformes,Aves,Herbivore
F24,Columba palumbus,Woodpigeon,Bird,Unknown,Wild,"East Anglia, UK",UK,2013,Frozen at -20C,Faeces,QIAamp Fast DNA Stool Mini kit ,Terrestrial,Aves,Columbiformes,Aves,Herbivore
F31,Columba palumbus,Woodpigeon,Bird,Unknown,Wild,"East Anglia, UK",UK,2012,Frozen at -20C,Faeces,QIAamp Fast DNA Stool Mini kit ,Terrestrial,Aves,Columbiformes,Aves,Herbivore
F32,Columba palumbus,Woodpigeon,Bird,Unknown,Wild,"East Anglia, UK",UK,2014,Frozen at -20C,Faeces,QIAamp Fast DNA Stool Mini kit ,Terrestrial,Aves,Columbiformes,Aves,Herbivore
F2114,Hypoplectrus puella,Barred hamlet,Fish,Unknown,Wild,"Bocas del Toro, Bahia Almirante",Panama,2018,95% ethanol,Gut contents,Qiagen PowerSoil kit with proteinase K,Marine,Actinopterygii,Perciformes,Actinopterygii,Carnivore
F2117,Hypoplectrus puella,Barred hamlet,Fish,Unknown,Wild,"Bocas del Toro, Bahia Almirante",Panama,2018,95% ethanol,Gut contents,Qiagen PowerSoil kit with proteinase K,Marine,Actinopterygii,Perciformes,Actinopterygii,Carnivore
F2118,Hypoplectrus puella,Barred hamlet,Fish,Unknown,Wild,"Bocas del Toro, Bahia Almirante",Panama,2018,95% ethanol,Gut contents,Qiagen PowerSoil kit with proteinase K,Marine,Actinopterygii,Perciformes,Actinopterygii,Carnivore
F2119,Hypoplectrus puella,Barred hamlet,Fish,Unknown,Wild,"Bocas del Toro, Bahia Almirante",Panama,2018,95% ethanol,Gut contents,Qiagen PowerSoil kit with proteinase K,Marine,Actinopterygii,Perciformes,Actinopterygii,Carnivore
F2120,Hypoplectrus puella,Barred hamlet,Fish,Unknown,Wild,"Bocas del Toro, Bahia Almirante",Panama,2018,95% ethanol,Gut contents,Qiagen PowerSoil kit with proteinase K,Marine,Actinopterygii,Perciformes,Actinopterygii,Carnivore
F2132,Hypoplectrus puella,Barred hamlet,Fish,Unknown,Wild,"Bocas del Toro, Bahia Almirante",Panama,2018,95% ethanol,Gut contents,Qiagen PowerSoil kit with proteinase K,Marine,Actinopterygii,Perciformes,Actinopterygii,Carnivore
F2171,Hypoplectrus puella,Barred hamlet,Fish,Unknown,Wild,"Bocas del Toro, Bahia Almirante",Panama,2018,95% ethanol,Gut contents,Qiagen PowerSoil kit with proteinase K,Marine,Actinopterygii,Perciformes,Actinopterygii,Carnivore
F2189,Hypoplectrus puella,Barred hamlet,Fish,Unknown,Wild,"Bocas del Toro, Bahia Almirante",Panama,2018,95% ethanol,Gut contents,Qiagen PowerSoil kit with proteinase K,Marine,Actinopterygii,Perciformes,Actinopterygii,Carnivore
F2190,Hypoplectrus puella,Barred hamlet,Fish,Unknown,Wild,"Bocas del Toro, Bahia Almirante",Panama,2018,95% ethanol,Gut contents,Qiagen PowerSoil kit with proteinase K,Marine,Actinopterygii,Perciformes,Actinopterygii,Carnivore
F2191,Hypoplectrus puella,Barred hamlet,Fish,Unknown,Wild,"Bocas del Toro, Bahia Almirante",Panama,2018,95% ethanol,Gut contents,Qiagen PowerSoil kit with proteinase K,Marine,Actinopterygii,Perciformes,Actinopterygii,Carnivore
F2197,Hypoplectrus puella,Barred hamlet,Fish,Unknown,Wild,"Bocas del Toro, Bahia Almirante",Panama,2018,95% ethanol,Gut contents,Qiagen PowerSoil kit with proteinase K,Marine,Actinopterygii,Perciformes,Actinopterygii,Carnivore
F2294,Hypoplectrus puella,Barred hamlet,Fish,Unknown,Wild,"Bocas del Toro, Bahia Almirante",Panama,2018,95% ethanol,Gut contents,Qiagen PowerSoil kit with proteinase K,Marine,Actinopterygii,Perciformes,Actinopterygii,Carnivore
C10,Anguilla anguilla,European eel,Fish,Unknown,Wild,"River Crouch, Essex, England",UK,2009,Frozen at -20C,Gut contents,Qiagen PowerSoil kit,Freshwater,Actinopterygii,Anguilliformes,Actinopterygii,Carnivore
C2,Anguilla anguilla,European eel,Fish,Unknown,Wild,"River Crouch, Essex, England",UK,2009,Frozen at -20C,Gut contents,Qiagen PowerSoil kit,Freshwater,Actinopterygii,Anguilliformes,Actinopterygii,Carnivore
C8,Anguilla anguilla,European eel,Fish,Unknown,Wild,"River Crouch, Essex, England",UK,2009,Frozen at -20C,Gut contents,Qiagen PowerSoil kit,Freshwater,Actinopterygii,Anguilliformes,Actinopterygii,Carnivore
C9A,Anguilla anguilla,European eel,Fish,Unknown,Wild,"River Crouch, Essex, England",UK,2009,Frozen at -20C,Gut contents,Qiagen PowerSoil kit,Freshwater,Actinopterygii,Anguilliformes,Actinopterygii,Carnivore
C9B,Anguilla anguilla,European eel,Fish,Unknown,Wild,"River Crouch, Essex, England",UK,2009,Frozen at -20C,Gut contents,Qiagen PowerSoil kit,Freshwater,Actinopterygii,Anguilliformes,Actinopterygii,Carnivore
HB1,Anguilla anguilla,European eel,Fish,Unknown,Wild,"Hether Burn, Cumbria, England",UK,2009,Frozen at -20C,Gut contents,Qiagen PowerSoil kit,Freshwater,Actinopterygii,Anguilliformes,Actinopterygii,Carnivore
HB2,Anguilla anguilla,European eel,Fish,Unknown,Wild,"Hether Burn, Cumbria, England",UK,2009,Frozen at -20C,Gut contents,Qiagen PowerSoil kit,Freshwater,Actinopterygii,Anguilliformes,Actinopterygii,Carnivore
HB3,Anguilla anguilla,European eel,Fish,Unknown,Wild,"Hether Burn, Cumbria, England",UK,2009,Frozen at -20C,Gut contents,Qiagen PowerSoil kit,Freshwater,Actinopterygii,Anguilliformes,Actinopterygii,Carnivore
HB4,Anguilla anguilla,European eel,Fish,Unknown,Wild,"Hether Burn, Cumbria, England",UK,2009,Frozen at -20C,Gut contents,Qiagen PowerSoil kit,Freshwater,Actinopterygii,Anguilliformes,Actinopterygii,Carnivore
HB6,Anguilla anguilla,European eel,Fish,Unknown,Wild,"Hether Burn, Cumbria, England",UK,2009,Frozen at -20C,Gut contents,Qiagen PowerSoil kit,Freshwater,Actinopterygii,Anguilliformes,Actinopterygii,Carnivore
F2390,Chaetodon capistratus,Foureye butterflyfish,Fish,Unknown,Wild,"Bocas del Toro, Bahia Almirante",Panama,2018,95% ethanol,Gut contents,Qiagen PowerSoil kit with proteinase K,Marine,Actinopterygii,Perciformes,Actinopterygii,Carnivore
F2394,Chaetodon capistratus,Foureye butterflyfish,Fish,Unknown,Wild,"Bocas del Toro, Bahia Almirante",Panama,2018,95% ethanol,Gut contents,Qiagen PowerSoil kit with proteinase K,Marine,Actinopterygii,Perciformes,Actinopterygii,Carnivore
F2397,Chaetodon capistratus,Foureye butterflyfish,Fish,Unknown,Wild,"Bocas del Toro, Bahia Almirante",Panama,2018,95% ethanol,Gut contents,Qiagen PowerSoil kit with proteinase K,Marine,Actinopterygii,Perciformes,Actinopterygii,Carnivore
F2405,Chaetodon capistratus,Foureye butterflyfish,Fish,Unknown,Wild,"Bocas del Toro, Bahia Almirante",Panama,2018,95% ethanol,Gut contents,Qiagen PowerSoil kit with proteinase K,Marine,Actinopterygii,Perciformes,Actinopterygii,Carnivore
F2407,Chaetodon capistratus,Foureye butterflyfish,Fish,Unknown,Wild,"Bocas del Toro, Bahia Almirante",Panama,2018,95% ethanol,Gut contents,Qiagen PowerSoil kit with proteinase K,Marine,Actinopterygii,Perciformes,Actinopterygii,Carnivore
F2417,Chaetodon capistratus,Foureye butterflyfish,Fish,Unknown,Wild,"Bocas del Toro, Bahia Almirante",Panama,2018,95% ethanol,Gut contents,Qiagen PowerSoil kit with proteinase K,Marine,Actinopterygii,Perciformes,Actinopterygii,Carnivore
F2418,Chaetodon capistratus,Foureye butterflyfish,Fish,Unknown,Wild,"Bocas del Toro, Bahia Almirante",Panama,2018,95% ethanol,Gut contents,Qiagen PowerSoil kit with proteinase K,Marine,Actinopterygii,Perciformes,Actinopterygii,Carnivore
F2421,Chaetodon capistratus,Foureye butterflyfish,Fish,Unknown,Wild,"Bocas del Toro, Bahia Almirante",Panama,2018,95% ethanol,Gut contents,Qiagen PowerSoil kit with proteinase K,Marine,Actinopterygii,Perciformes,Actinopterygii,Carnivore
F2436,Chaetodon capistratus,Foureye butterflyfish,Fish,Unknown,Wild,"Bocas del Toro, Bahia Almirante",Panama,2018,95% ethanol,Gut contents,Qiagen PowerSoil kit with proteinase K,Marine,Actinopterygii,Perciformes,Actinopterygii,Carnivore
F2446,Chaetodon capistratus,Foureye butterflyfish,Fish,Unknown,Wild,"Bocas del Toro, Bahia Almirante",Panama,2018,95% ethanol,Gut contents,Qiagen PowerSoil kit with proteinase K,Marine,Actinopterygii,Perciformes,Actinopterygii,Carnivore
Bird1,Emberiza citrinella,Yellowhammer,Bird,Unknown,Wild,"Lincolnshire, UK",UK,2018,Frozen at -20C,Faeces,Qiagen PowerSoil Pro kit,Marine,Aves,Passeriformes,Aves,Omnivore
Bird2,Emberiza citrinella,Yellowhammer,Bird,Unknown,Wild,"Lincolnshire, UK",UK,2018,Frozen at -20C,Faeces,Qiagen PowerSoil Pro kit,Marine,Aves,Passeriformes,Aves,Omnivore
Bird3,Emberiza citrinella,Yellowhammer,Bird,Unknown,Wild,"Lincolnshire, UK",UK,2018,Frozen at -20C,Faeces,Qiagen PowerSoil Pro kit,Marine,Aves,Passeriformes,Aves,Omnivore
Bird4,Emberiza citrinella,Yellowhammer,Bird,Unknown,Wild,"Lincolnshire, UK",UK,2018,Frozen at -20C,Faeces,Qiagen PowerSoil Pro kit,Marine,Aves,Passeriformes,Aves,Omnivore
Bird5,Emberiza citrinella,Yellowhammer,Bird,Male,Wild,"Lincolnshire, UK",UK,2018,Frozen at -20C,Faeces,Qiagen PowerSoil Pro kit,Marine,Aves,Passeriformes,Aves,Omnivore
Bird6,Emberiza citrinella,Yellowhammer,Bird,Unknown,Wild,"Lincolnshire, UK",UK,2018,Frozen at -20C,Faeces,Qiagen PowerSoil Pro kit,Marine,Aves,Passeriformes,Aves,Omnivore
Bird7,Emberiza citrinella,Yellowhammer,Bird,Unknown,Wild,"Lincolnshire, UK",UK,2018,Frozen at -20C,Faeces,Qiagen PowerSoil Pro kit,Marine,Aves,Passeriformes,Aves,Omnivore
Bird8,Emberiza citrinella,Yellowhammer,Bird,Female,Wild,"Lincolnshire, UK",UK,2018,Frozen at -20C,Faeces,Qiagen PowerSoil Pro kit,Marine,Aves,Passeriformes,Aves,Omnivore
Y01-3-CC33,Halichoeres garnoti,Yellowhead wrasse,Fish,Unknown,Wild,"Caye Caulker, Belize",Belize,2015,95% ethanol,Gut contents,Qiagen PowerSoil kit with proteinase K,Marine,Actinopterygii,Labriformes,Actinopterygii,Carnivore
Y1-GLS2,Halichoeres garnoti,Yellowhead wrasse,Fish,Unknown,Wild,"Glover's Reef, Belize",Belize,2015,95% ethanol,Gut contents,Qiagen PowerSoil kit with proteinase K,Marine,Actinopterygii,Labriformes,Actinopterygii,Carnivore
Y10-CC52,Halichoeres garnoti,Yellowhead wrasse,Fish,Unknown,Wild,"Glover's Reef, Belize",Belize,2015,95% ethanol,Gut contents,Qiagen PowerSoil kit with proteinase K,Marine,Actinopterygii,Labriformes,Actinopterygii,Carnivore
Y11-GLS2,Halichoeres garnoti,Yellowhead wrasse,Fish,Unknown,Wild,"Glover's Reef, Belize",Belize,2015,95% ethanol,Gut contents,Qiagen PowerSoil kit with proteinase K,Marine,Actinopterygii,Labriformes,Actinopterygii,Carnivore
Y13-2-CC33,Halichoeres garnoti,Yellowhead wrasse,Fish,Unknown,Wild,"Caye Caulker, Belize",Belize,2015,95% ethanol,Gut contents,Qiagen PowerSoil kit with proteinase K,Marine,Actinopterygii,Labriformes,Actinopterygii,Carnivore
Y16-2GLS1,Halichoeres garnoti,Yellowhead wrasse,Fish,Unknown,Wild,"Glover's Reef, Belize",Belize,2015,95% ethanol,Gut contents,Qiagen PowerSoil kit with proteinase K,Marine,Actinopterygii,Labriformes,Actinopterygii,Carnivore
Y4-2GLS1,Halichoeres garnoti,Yellowhead wrasse,Fish,Unknown,Wild,"Glover's Reef, Belize",Belize,2015,95% ethanol,Gut contents,Qiagen PowerSoil kit with proteinase K,Marine,Actinopterygii,Labriformes,Actinopterygii,Carnivore
Y6-CCS2,Halichoeres garnoti,Yellowhead wrasse,Fish,Unknown,Wild,"Caye Caulker, Belize",Belize,2015,95% ethanol,Gut contents,Qiagen PowerSoil kit with proteinase K,Marine,Actinopterygii,Labriformes,Actinopterygii,Carnivore
Y7-GLS2,Halichoeres garnoti,Yellowhead wrasse,Fish,Unknown,Wild,"Glover's Reef, Belize",Belize,2015,95% ethanol,Gut contents,Qiagen PowerSoil kit with proteinase K,Marine,Actinopterygii,Labriformes,Actinopterygii,Carnivore
Y9-GLS2,Halichoeres garnoti,Yellowhead wrasse,Fish,Unknown,Wild,"Glover's Reef, Belize",Belize,2015,95% ethanol,Gut contents,Qiagen PowerSoil kit with proteinase K,Marine,Actinopterygii,Labriformes,Actinopterygii,Carnivore
APW1,Rhynchophorus phoenicis,African palm weevil larvae,Invertebrate,Unknown,Wild,"Sapele Town, Delta State, Nigeria",Nigeria,2019,Frozen at -20C,Gut contents,ZymoBIOMICS DNA mini kit,Terrestrial,Insecta,Coleoptera,Terrestrial Invertebrate,Herbivore
APW2,Rhynchophorus phoenicis,African palm weevil larvae,Invertebrate,Unknown,Wild,"Sapele Town, Delta State, Nigeria",Nigeria,2019,Frozen at -20C,Gut contents,ZymoBIOMICS DNA mini kit,Terrestrial,Insecta,Coleoptera,Terrestrial Invertebrate,Herbivore
APW3,Rhynchophorus phoenicis,African palm weevil larvae,Invertebrate,Unknown,Wild,"Sapele Town, Delta State, Nigeria",Nigeria,2019,Frozen at -20C,Gut contents,ZymoBIOMICS DNA mini kit,Terrestrial,Insecta,Coleoptera,Terrestrial Invertebrate,Herbivore
APW4,Rhynchophorus phoenicis,African palm weevil larvae,Invertebrate,Unknown,Wild,"Sapele Town, Delta State, Nigeria",Nigeria,2019,Frozen at -20C,Gut contents,ZymoBIOMICS DNA mini kit,Terrestrial,Insecta,Coleoptera,Terrestrial Invertebrate,Herbivore
APW5,Rhynchophorus phoenicis,African palm weevil larvae,Invertebrate,Unknown,Wild,"Sapele Town, Delta State, Nigeria",Nigeria,2019,Frozen at -20C,Gut contents,ZymoBIOMICS DNA mini kit,Terrestrial,Insecta,Coleoptera,Terrestrial Invertebrate,Herbivore
APW6,Rhynchophorus phoenicis,African palm weevil larvae,Invertebrate,Unknown,Wild,"Sapele Town, Delta State, Nigeria",Nigeria,2019,Frozen at -20C,Gut contents,ZymoBIOMICS DNA mini kit,Terrestrial,Insecta,Coleoptera,Terrestrial Invertebrate,Herbivore
BC1,Portunus segnis,Blue swimming crab,Invertebrate,Unknown,Wild,Malta,Malta,2018,70% ethanol,Gut contents,QIAamp Fast DNA Stool Mini kit ,Marine,Malacostraca,Decapoda,Marine Invertebrate,Omnivore
BC2,Portunus segnis,Blue swimming crab,Invertebrate,Unknown,Wild,Malta,Malta,2018,70% ethanol,Gut contents,QIAamp Fast DNA Stool Mini kit ,Marine,Malacostraca,Decapoda,Marine Invertebrate,Omnivore
BC3,Portunus segnis,Blue swimming crab,Invertebrate,Unknown,Wild,Malta,Malta,2018,70% ethanol,Gut contents,QIAamp Fast DNA Stool Mini kit ,Marine,Malacostraca,Decapoda,Marine Invertebrate,Omnivore
BC4,Portunus segnis,Blue swimming crab,Invertebrate,Unknown,Wild,Malta,Malta,2018,70% ethanol,Gut contents,QIAamp Fast DNA Stool Mini kit ,Marine,Malacostraca,Decapoda,Marine Invertebrate,Omnivore
BC5,Portunus segnis,Blue swimming crab,Invertebrate,Unknown,Wild,Malta,Malta,2018,70% ethanol,Gut contents,QIAamp Fast DNA Stool Mini kit ,Marine,Malacostraca,Decapoda,Marine Invertebrate,Omnivore
LFG1,Crangon crangon,Brown shrimp,Invertebrate,Unknown,Wild,"Lancashire, UK",UK,2018,Buffer AE ,Gut contents,Qiagen Blood and Tissue kit with proteinase K,Freshwater,Malacostraca,Decapoda,Marine Invertebrate,Omnivore
LFG16,Crangon crangon,Brown shrimp,Invertebrate,Unknown,Wild,"Lancashire, UK",UK,2018,Buffer AE ,Gut contents,Qiagen Blood and Tissue kit with proteinase K,Freshwater,Malacostraca,Decapoda,Marine Invertebrate,Omnivore
LFG2,Crangon crangon,Brown shrimp,Invertebrate,Unknown,Wild,"Lancashire, UK",UK,2018,Buffer AE ,Gut contents,Qiagen Blood and Tissue kit with proteinase K,Freshwater,Malacostraca,Decapoda,Marine Invertebrate,Omnivore
LFG3,Crangon crangon,Brown shrimp,Invertebrate,Unknown,Wild,"Lancashire, UK",UK,2018,Buffer AE ,Gut contents,Qiagen Blood and Tissue kit with proteinase K,Freshwater,Malacostraca,Decapoda,Marine Invertebrate,Omnivore
LFG4,Crangon crangon,Brown shrimp,Invertebrate,Unknown,Wild,"Lancashire, UK",UK,2018,Buffer AE ,Gut contents,Qiagen Blood and Tissue kit with proteinase K,Freshwater,Malacostraca,Decapoda,Marine Invertebrate,Omnivore
LFG5,Crangon crangon,Brown shrimp,Invertebrate,Unknown,Wild,"Lancashire, UK",UK,2018,Buffer AE ,Gut contents,Qiagen Blood and Tissue kit with proteinase K,Freshwater,Malacostraca,Decapoda,Marine Invertebrate,Omnivore
LFG6,Crangon crangon,Brown shrimp,Invertebrate,Unknown,Wild,"Lancashire, UK",UK,2018,Buffer AE ,Gut contents,Qiagen Blood and Tissue kit with proteinase K,Freshwater,Malacostraca,Decapoda,Marine Invertebrate,Omnivore
LFG7,Crangon crangon,Brown shrimp,Invertebrate,Unknown,Wild,"Lancashire, UK",UK,2018,Buffer AE ,Gut contents,Qiagen Blood and Tissue kit with proteinase K,Freshwater,Malacostraca,Decapoda,Marine Invertebrate,Omnivore
LFG8,Crangon crangon,Brown shrimp,Invertebrate,Unknown,Wild,"Lancashire, UK",UK,2018,Buffer AE ,Gut contents,Qiagen Blood and Tissue kit with proteinase K,Freshwater,Malacostraca,Decapoda,Marine Invertebrate,Omnivore
LFG9,Crangon crangon,Brown shrimp,Invertebrate,Unknown,Wild,"Lancashire, UK",UK,2018,Buffer AE ,Gut contents,Qiagen Blood and Tissue kit with proteinase K,Freshwater,Malacostraca,Decapoda,Marine Invertebrate,Omnivore
B4,Diploptera punctata,Cockroach,Invertebrate,Male,Captive,"Manchester, UK",Captive,2018,Liquid nitrogen and frozen at -80¡C,Gut contents,Qiagen Blood and Tissue kit with proteinase K and lysozyme,Terrestrial,Insecta,Blattodea,Terrestrial Invertebrate,Omnivore
F7M,Diploptera punctata,Cockroach,Invertebrate,Unknown,Captive,"Manchester, UK",Captive,2018,Liquid nitrogen and frozen at -80¡C,Gut contents,Qiagen Blood and Tissue kit with proteinase K and lysozyme,Terrestrial,Insecta,Blattodea,Terrestrial Invertebrate,Omnivore
GJ2,Diploptera punctata,Cockroach,Invertebrate,Unknown,Captive,"Manchester, UK",Captive,2018,Liquid nitrogen and frozen at -80¡C,Gut contents,Qiagen Blood and Tissue kit with proteinase K and lysozyme,Terrestrial,Insecta,Blattodea,Terrestrial Invertebrate,Omnivore
H5D,Diploptera punctata,Cockroach,Invertebrate,Female,Captive,"Manchester, UK",Captive,2018,Liquid nitrogen and frozen at -80¡C,Gut contents,Qiagen Blood and Tissue kit with proteinase K and lysozyme,Terrestrial,Insecta,Blattodea,Terrestrial Invertebrate,Omnivore
IGA,Diploptera punctata,Cockroach,Invertebrate,Male,Captive,"Manchester, UK",Captive,2018,Liquid nitrogen and frozen at -80¡C,Gut contents,Qiagen Blood and Tissue kit with proteinase K and lysozyme,Terrestrial,Insecta,Blattodea,Terrestrial Invertebrate,Omnivore
IGF,Diploptera punctata,Cockroach,Invertebrate,Male,Captive,"Manchester, UK",Captive,2018,Liquid nitrogen and frozen at -80¡C,Gut contents,Qiagen Blood and Tissue kit with proteinase K and lysozyme,Terrestrial,Insecta,Blattodea,Terrestrial Invertebrate,Omnivore
J5A,Diploptera punctata,Cockroach,Invertebrate,Male,Captive,"Manchester, UK",Captive,2018,Liquid nitrogen and frozen at -80¡C,Gut contents,Qiagen Blood and Tissue kit with proteinase K and lysozyme,Terrestrial,Insecta,Blattodea,Terrestrial Invertebrate,Omnivore
J5B,Diploptera punctata,Cockroach,Invertebrate,Male,Captive,"Manchester, UK",Captive,2018,Liquid nitrogen and frozen at -80¡C,Gut contents,Qiagen Blood and Tissue kit with proteinase K and lysozyme,Terrestrial,Insecta,Blattodea,Terrestrial Invertebrate,Omnivore
J5C,Diploptera punctata,Cockroach,Invertebrate,Male,Captive,"Manchester, UK",Captive,2018,Liquid nitrogen and frozen at -80¡C,Gut contents,Qiagen Blood and Tissue kit with proteinase K and lysozyme,Terrestrial,Insecta,Blattodea,Terrestrial Invertebrate,Omnivore
N5,Diploptera punctata,Cockroach,Invertebrate,Male,Captive,"Manchester, UK",Captive,2018,Liquid nitrogen and frozen at -80¡C,Gut contents,Qiagen Blood and Tissue kit with proteinase K and lysozyme,Terrestrial,Insecta,Blattodea,Terrestrial Invertebrate,Omnivore
P5,Diploptera punctata,Cockroach,Invertebrate,Unknown,Captive,"Manchester, UK",Captive,2018,Liquid nitrogen and frozen at -80¡C,Gut contents,Qiagen Blood and Tissue kit with proteinase K and lysozyme,Terrestrial,Insecta,Blattodea,Terrestrial Invertebrate,Omnivore
CS01,Cinachyrella sp.,Golfball sponge,Invertebrate,NA,Wild,"Florida Keys, USA",USA,2012,95% ethanol,Tissue (choanosome),Qiagen Blood and Tissue kit with proteinase K,Marine,Demospongiae,Tetractinellida,Marine Invertebrate,NA
CS02,Cinachyrella sp.,Golfball sponge,Invertebrate,NA,Wild,"Florida Keys, USA",USA,2012,95% ethanol,Tissue (choanosome),Qiagen Blood and Tissue kit with proteinase K,Marine,Demospongiae,Tetractinellida,Marine Invertebrate,NA
CS03,Cinachyrella sp.,Golfball sponge,Invertebrate,NA,Wild,"Florida Keys, USA",USA,2012,95% ethanol,Tissue (choanosome),Qiagen Blood and Tissue kit with proteinase K,Marine,Demospongiae,Tetractinellida,Marine Invertebrate,NA
CS04,Cinachyrella sp.,Golfball sponge,Invertebrate,NA,Wild,"Florida Keys, USA",USA,2012,95% ethanol,Tissue (choanosome),Qiagen Blood and Tissue kit with proteinase K,Marine,Demospongiae,Tetractinellida,Marine Invertebrate,NA
CS05,Cinachyrella sp.,Golfball sponge,Invertebrate,NA,Wild,"Florida Keys, USA",USA,2012,95% ethanol,Tissue (choanosome),Qiagen Blood and Tissue kit with proteinase K,Marine,Demospongiae,Tetractinellida,Marine Invertebrate,NA
CS06,Cinachyrella sp.,Golfball sponge,Invertebrate,NA,Wild,"Florida Keys, USA",USA,2012,95% ethanol,Tissue (choanosome),Qiagen Blood and Tissue kit with proteinase K,Marine,Demospongiae,Tetractinellida,Marine Invertebrate,NA
CS07,Cinachyrella sp.,Golfball sponge,Invertebrate,NA,Wild,"Florida Keys, USA",USA,2012,95% ethanol,Tissue (choanosome),Qiagen Blood and Tissue kit with proteinase K,Marine,Demospongiae,Tetractinellida,Marine Invertebrate,NA
CS08,Cinachyrella sp.,Golfball sponge,Invertebrate,NA,Wild,"Florida Keys, USA",USA,2012,95% ethanol,Tissue (choanosome),Qiagen Blood and Tissue kit with proteinase K,Marine,Demospongiae,Tetractinellida,Marine Invertebrate,NA
CS09,Cinachyrella sp.,Golfball sponge,Invertebrate,NA,Wild,"Florida Keys, USA",USA,2012,95% ethanol,Tissue (choanosome),Qiagen Blood and Tissue kit with proteinase K,Marine,Demospongiae,Tetractinellida,Marine Invertebrate,NA
CS10,Cinachyrella sp.,Golfball sponge,Invertebrate,NA,Wild,"Florida Keys, USA",USA,2012,95% ethanol,Tissue (choanosome),Qiagen Blood and Tissue kit with proteinase K,Marine,Demospongiae,Tetractinellida,Marine Invertebrate,NA
LF23,Amblyomma rotundatum,Hard tick,Invertebrate,Unknown,Wild,"Montserrat, Caribbean",Montserrat,2014,70% ethanol,Whole tick,Alkaline digest and ethanol precipitation,Terrestrial,Arachnida,Ixodida,Terrestrial Invertebrate,Carnivore
LF29,Amblyomma rotundatum,Hard tick,Invertebrate,Unknown,Wild,"Montserrat, Caribbean",Montserrat,2014,70% ethanol,Whole tick,Alkaline digest and ethanol precipitation,Terrestrial,Arachnida,Ixodida,Terrestrial Invertebrate,Carnivore
LF3,Amblyomma rotundatum,Hard tick,Invertebrate,Unknown,Wild,"Montserrat, Caribbean",Montserrat,2014,70% ethanol,Whole tick,Alkaline digest and ethanol precipitation,Terrestrial,Arachnida,Ixodida,Terrestrial Invertebrate,Carnivore
LF33,Amblyomma rotundatum,Hard tick,Invertebrate,Unknown,Wild,"Montserrat, Caribbean",Montserrat,2014,70% ethanol,Whole tick,Alkaline digest and ethanol precipitation,Terrestrial,Arachnida,Ixodida,Terrestrial Invertebrate,Carnivore
LF6,Amblyomma rotundatum,Hard tick,Invertebrate,Unknown,Wild,"Montserrat, Caribbean",Montserrat,2014,70% ethanol,Whole tick,Alkaline digest and ethanol precipitation,Terrestrial,Arachnida,Ixodida,Terrestrial Invertebrate,Carnivore
RM16,Amblyomma rotundatum,Hard tick,Invertebrate,Unknown,Wild,"Montserrat, Caribbean",Montserrat,2014,70% ethanol,Whole tick,Alkaline digest and ethanol precipitation,Terrestrial,Arachnida,Ixodida,Terrestrial Invertebrate,Carnivore
RM19,Amblyomma rotundatum,Hard tick,Invertebrate,Unknown,Wild,"Montserrat, Caribbean",Montserrat,2014,70% ethanol,Whole tick,Alkaline digest and ethanol precipitation,Terrestrial,Arachnida,Ixodida,Terrestrial Invertebrate,Carnivore
RM20,Amblyomma rotundatum,Hard tick,Invertebrate,Unknown,Wild,"Montserrat, Caribbean",Montserrat,2014,70% ethanol,Whole tick,Alkaline digest and ethanol precipitation,Terrestrial,Arachnida,Ixodida,Terrestrial Invertebrate,Carnivore
RM21,Amblyomma rotundatum,Hard tick,Invertebrate,Unknown,Wild,"Montserrat, Caribbean",Montserrat,2014,70% ethanol,Whole tick,Alkaline digest and ethanol precipitation,Terrestrial,Arachnida,Ixodida,Terrestrial Invertebrate,Carnivore
RM22,Amblyomma rotundatum,Hard tick,Invertebrate,Unknown,Wild,"Montserrat, Caribbean",Montserrat,2014,70% ethanol,Whole tick,Alkaline digest and ethanol precipitation,Terrestrial,Arachnida,Ixodida,Terrestrial Invertebrate,Carnivore
AGE3,Apis mellifera,Honey bee,Invertebrate,Female,Wild,North West of England,UK,2016,100% ethanol and frozen at -20C,Gut contents,Qiagen Blood and Tissue kit with proteinase K and lysozyme,Terrestrial,Insecta,Hymenoptera,Terrestrial Invertebrate,Herbivore
AND106-3,Apis mellifera,Honey bee,Invertebrate,Female,Wild,North West of England,UK,2016,100% ethanol and frozen at -20C,Gut contents,Qiagen Blood and Tissue kit with proteinase K and lysozyme,Terrestrial,Insecta,Hymenoptera,Terrestrial Invertebrate,Herbivore
BPO10,Apis mellifera,Honey bee,Invertebrate,Female,Wild,North West of England,UK,2016,100% ethanol and frozen at -20C,Gut contents,Qiagen Blood and Tissue kit with proteinase K and lysozyme,Terrestrial,Insecta,Hymenoptera,Terrestrial Invertebrate,Herbivore
CAT3,Apis mellifera,Honey bee,Invertebrate,Female,Wild,North West of England,UK,2016,100% ethanol and frozen at -20C,Gut contents,Qiagen Blood and Tissue kit with proteinase K and lysozyme,Terrestrial,Insecta,Hymenoptera,Terrestrial Invertebrate,Herbivore
GB5,Apis mellifera,Honey bee,Invertebrate,Female,Wild,North West of England,UK,2016,100% ethanol and frozen at -20C,Gut contents,Qiagen Blood and Tissue kit with proteinase K and lysozyme,Terrestrial,Insecta,Hymenoptera,Terrestrial Invertebrate,Herbivore
JGPH2,Apis mellifera,Honey bee,Invertebrate,Female,Wild,North West of England,UK,2017,100% ethanol and frozen at -20C,Gut contents,Qiagen Blood and Tissue kit with proteinase K and lysozyme,Terrestrial,Insecta,Hymenoptera,Terrestrial Invertebrate,Herbivore
LVA4,Apis mellifera,Honey bee,Invertebrate,Female,Wild,North West of England,UK,2016,100% ethanol and frozen at -20C,Gut contents,Qiagen Blood and Tissue kit with proteinase K and lysozyme,Terrestrial,Insecta,Hymenoptera,Terrestrial Invertebrate,Herbivore
MAD3,Apis mellifera,Honey bee,Invertebrate,Female,Wild,North West of England,UK,2016,100% ethanol and frozen at -20C,Gut contents,Qiagen Blood and Tissue kit with proteinase K and lysozyme,Terrestrial,Insecta,Hymenoptera,Terrestrial Invertebrate,Herbivore
MAN3,Apis mellifera,Honey bee,Invertebrate,Female,Wild,North West of England,UK,2016,100% ethanol and frozen at -20C,Gut contents,Qiagen Blood and Tissue kit with proteinase K and lysozyme,Terrestrial,Insecta,Hymenoptera,Terrestrial Invertebrate,Herbivore
PBO3,Apis mellifera,Honey bee,Invertebrate,Female,Wild,North West of England,UK,2016,100% ethanol and frozen at -20C,Gut contents,Qiagen Blood and Tissue kit with proteinase K and lysozyme,Terrestrial,Insecta,Hymenoptera,Terrestrial Invertebrate,Herbivore
SV01,Spheciospongia vesparium,Loggerhead sponge,Invertebrate,NA,Wild,"Little Crane Key, Florida, USA",USA,2014,95% ethanol,Tissue (choanosome),Qiagen Blood and Tissue kit with proteinase K,Marine,Demospongiae,Clionaida,Marine Invertebrate,NA
SV02,Spheciospongia vesparium,Loggerhead sponge,Invertebrate,NA,Wild,"Little Crane Key, Florida, USA",USA,2014,95% ethanol,Tissue (choanosome),Qiagen Blood and Tissue kit with proteinase K,Marine,Demospongiae,Clionaida,Marine Invertebrate,NA
SV03,Spheciospongia vesparium,Loggerhead sponge,Invertebrate,NA,Wild,"Little Crane Key, Florida, USA",USA,2014,95% ethanol,Tissue (choanosome),Qiagen Blood and Tissue kit with proteinase K,Marine,Demospongiae,Clionaida,Marine Invertebrate,NA
SV04,Spheciospongia vesparium,Loggerhead sponge,Invertebrate,NA,Wild,"Little Crane Key, Florida, USA",USA,2014,95% ethanol,Tissue (choanosome),Qiagen Blood and Tissue kit with proteinase K,Marine,Demospongiae,Clionaida,Marine Invertebrate,NA
SV05,Spheciospongia vesparium,Loggerhead sponge,Invertebrate,NA,Wild,"Little Crane Key, Florida, USA",USA,2014,95% ethanol,Tissue (choanosome),Qiagen Blood and Tissue kit with proteinase K,Marine,Demospongiae,Clionaida,Marine Invertebrate,NA
SV06,Spheciospongia vesparium,Loggerhead sponge,Invertebrate,NA,Wild,"Little Crane Key, Florida, USA",USA,2014,95% ethanol,Tissue (choanosome),Qiagen Blood and Tissue kit with proteinase K,Marine,Demospongiae,Clionaida,Marine Invertebrate,NA
SV07,Spheciospongia vesparium,Loggerhead sponge,Invertebrate,NA,Wild,"Little Crane Key, Florida, USA",USA,2014,95% ethanol,Tissue (choanosome),Qiagen Blood and Tissue kit with proteinase K,Marine,Demospongiae,Clionaida,Marine Invertebrate,NA
SV08,Spheciospongia vesparium,Loggerhead sponge,Invertebrate,NA,Wild,"Little Crane Key, Florida, USA",USA,2014,95% ethanol,Tissue (choanosome),Qiagen Blood and Tissue kit with proteinase K,Marine,Demospongiae,Clionaida,Marine Invertebrate,NA
SV09,Spheciospongia vesparium,Loggerhead sponge,Invertebrate,NA,Wild,"Little Crane Key, Florida, USA",USA,2014,95% ethanol,Tissue (choanosome),Qiagen Blood and Tissue kit with proteinase K,Marine,Demospongiae,Clionaida,Marine Invertebrate,NA
SV10,Spheciospongia vesparium,Loggerhead sponge,Invertebrate,NA,Wild,"Little Crane Key, Florida, USA",USA,2014,95% ethanol,Tissue (choanosome),Qiagen Blood and Tissue kit with proteinase K,Marine,Demospongiae,Clionaida,Marine Invertebrate,NA
TF14,Glossina fuscipes,Tsetse fly,Invertebrate,Female,Wild,"Patira East, Uganda",Uganda,2019,70% ethanol,Whole insect,Qiagen Blood and Tissue kit with proteinase K,Terrestrial,Insecta,Diptera,Terrestrial Invertebrate,Carnivore
TF15,Glossina fuscipes,Tsetse fly,Invertebrate,Female,Wild,"Patira East, Uganda",Uganda,2019,70% ethanol,Whole insect,Qiagen Blood and Tissue kit with proteinase K,Terrestrial,Insecta,Diptera,Terrestrial Invertebrate,Carnivore
TF16,Glossina fuscipes,Tsetse fly,Invertebrate,Male,Wild,"Patira East, Uganda",Uganda,2019,70% ethanol,Whole insect,Qiagen Blood and Tissue kit with proteinase K,Terrestrial,Insecta,Diptera,Terrestrial Invertebrate,Carnivore
TF17,Glossina fuscipes,Tsetse fly,Invertebrate,Male,Wild,"Patira East, Uganda",Uganda,2019,70% ethanol,Whole insect,Qiagen Blood and Tissue kit with proteinase K,Terrestrial,Insecta,Diptera,Terrestrial Invertebrate,Carnivore
TF18,Glossina fuscipes,Tsetse fly,Invertebrate,Female,Wild,"Patira East, Uganda",Uganda,2019,70% ethanol,Whole insect,Qiagen Blood and Tissue kit with proteinase K,Terrestrial,Insecta,Diptera,Terrestrial Invertebrate,Carnivore
TF19,Glossina fuscipes,Tsetse fly,Invertebrate,Female,Wild,"Patira East, Uganda",Uganda,2019,70% ethanol,Whole insect,Qiagen Blood and Tissue kit with proteinase K,Terrestrial,Insecta,Diptera,Terrestrial Invertebrate,Carnivore
TF20,Glossina fuscipes,Tsetse fly,Invertebrate,Female,Wild,"Patira East, Uganda",Uganda,2019,70% ethanol,Whole insect,Qiagen Blood and Tissue kit with proteinase K,Terrestrial,Insecta,Diptera,Terrestrial Invertebrate,Carnivore
TF21,Glossina fuscipes,Tsetse fly,Invertebrate,Female,Wild,"Patira East, Uganda",Uganda,2019,70% ethanol,Whole insect,Qiagen Blood and Tissue kit with proteinase K,Terrestrial,Insecta,Diptera,Terrestrial Invertebrate,Carnivore
TF29,Glossina fuscipes,Tsetse fly,Invertebrate,Female,Wild,"Patira East, Uganda",Uganda,2019,70% ethanol,Whole insect,Qiagen Blood and Tissue kit with proteinase K,Terrestrial,Insecta,Diptera,Terrestrial Invertebrate,Carnivore
IC01,Ircinia campana,Vase sponge,Invertebrate,NA,Wild,"Long Key, Florida, USA",USA,2014,95% ethanol,Tissue (choanosome),Qiagen Blood and Tissue kit with proteinase K,Marine,Demospongiae,Dictyoceratida,Marine Invertebrate,NA
IC02,Ircinia campana,Vase sponge,Invertebrate,NA,Wild,"Long Key, Florida, USA",USA,2014,95% ethanol,Tissue (choanosome),Qiagen Blood and Tissue kit with proteinase K,Marine,Demospongiae,Dictyoceratida,Marine Invertebrate,NA
IC03,Ircinia campana,Vase sponge,Invertebrate,NA,Wild,"Long Key, Florida, USA",USA,2014,95% ethanol,Tissue (choanosome),Qiagen Blood and Tissue kit with proteinase K,Marine,Demospongiae,Dictyoceratida,Marine Invertebrate,NA
IC04,Ircinia campana,Vase sponge,Invertebrate,NA,Wild,"Long Key, Florida, USA",USA,2014,95% ethanol,Tissue (choanosome),Qiagen Blood and Tissue kit with proteinase K,Marine,Demospongiae,Dictyoceratida,Marine Invertebrate,NA
IC05,Ircinia campana,Vase sponge,Invertebrate,NA,Wild,"Long Key, Florida, USA",USA,2014,95% ethanol,Tissue (choanosome),Qiagen Blood and Tissue kit with proteinase K,Marine,Demospongiae,Dictyoceratida,Marine Invertebrate,NA
IC06,Ircinia campana,Vase sponge,Invertebrate,NA,Wild,"Long Key, Florida, USA",USA,2014,95% ethanol,Tissue (choanosome),Qiagen Blood and Tissue kit with proteinase K,Marine,Demospongiae,Dictyoceratida,Marine Invertebrate,NA
IC07,Ircinia campana,Vase sponge,Invertebrate,NA,Wild,"Long Key, Florida, USA",USA,2014,95% ethanol,Tissue (choanosome),Qiagen Blood and Tissue kit with proteinase K,Marine,Demospongiae,Dictyoceratida,Marine Invertebrate,NA
IC08,Ircinia campana,Vase sponge,Invertebrate,NA,Wild,"Long Key, Florida, USA",USA,2014,95% ethanol,Tissue (choanosome),Qiagen Blood and Tissue kit with proteinase K,Marine,Demospongiae,Dictyoceratida,Marine Invertebrate,NA
IC09,Ircinia campana,Vase sponge,Invertebrate,NA,Wild,"Long Key, Florida, USA",USA,2014,95% ethanol,Tissue (choanosome),Qiagen Blood and Tissue kit with proteinase K,Marine,Demospongiae,Dictyoceratida,Marine Invertebrate,NA
IC10,Ircinia campana,Vase sponge,Invertebrate,NA,Wild,"Long Key, Florida, USA",USA,2014,95% ethanol,Tissue (choanosome),Qiagen Blood and Tissue kit with proteinase K,Marine,Demospongiae,Dictyoceratida,Marine Invertebrate,NA
G203,Myodes glareolus,Bank vole,Mammal,Male,Wild,"Chernobyl, Ukraine",Ukraine,2017,100% ethanol and frozen at -20C,Gut contents,Invitrogen Microbiome kit,Terrestrial,Mammalia,Rodentia,Mammalia,Omnivore
G209,Myodes glareolus,Bank vole,Mammal,Female,Wild,"Chernobyl, Ukraine",Ukraine,2017,100% ethanol and frozen at -20C,Gut contents,Invitrogen Microbiome kit,Terrestrial,Mammalia,Rodentia,Mammalia,Omnivore
G210,Myodes glareolus,Bank vole,Mammal,Male,Wild,"Chernobyl, Ukraine",Ukraine,2017,100% ethanol and frozen at -20C,Gut contents,Invitrogen Microbiome kit,Terrestrial,Mammalia,Rodentia,Mammalia,Omnivore
G211,Myodes glareolus,Bank vole,Mammal,Male,Wild,"Chernobyl, Ukraine",Ukraine,2017,100% ethanol and frozen at -20C,Gut contents,Invitrogen Microbiome kit,Terrestrial,Mammalia,Rodentia,Mammalia,Omnivore
G215,Myodes glareolus,Bank vole,Mammal,Male,Wild,"Chernobyl, Ukraine",Ukraine,2017,100% ethanol and frozen at -20C,Gut contents,Invitrogen Microbiome kit,Terrestrial,Mammalia,Rodentia,Mammalia,Omnivore
G216,Myodes glareolus,Bank vole,Mammal,Male,Wild,"Chernobyl, Ukraine",Ukraine,2017,100% ethanol and frozen at -20C,Gut contents,Invitrogen Microbiome kit,Terrestrial,Mammalia,Rodentia,Mammalia,Omnivore
G217,Myodes glareolus,Bank vole,Mammal,Female,Wild,"Chernobyl, Ukraine",Ukraine,2017,100% ethanol and frozen at -20C,Gut contents,Invitrogen Microbiome kit,Terrestrial,Mammalia,Rodentia,Mammalia,Omnivore
G218,Myodes glareolus,Bank vole,Mammal,Female,Wild,"Chernobyl, Ukraine",Ukraine,2017,100% ethanol and frozen at -20C,Gut contents,Invitrogen Microbiome kit,Terrestrial,Mammalia,Rodentia,Mammalia,Omnivore
G219,Myodes glareolus,Bank vole,Mammal,Male,Wild,"Chernobyl, Ukraine",Ukraine,2017,100% ethanol and frozen at -20C,Gut contents,Invitrogen Microbiome kit,Terrestrial,Mammalia,Rodentia,Mammalia,Omnivore
G220,Myodes glareolus,Bank vole,Mammal,Male,Wild,"Chernobyl, Ukraine",Ukraine,2017,100% ethanol and frozen at -20C,Gut contents,Invitrogen Microbiome kit,Terrestrial,Mammalia,Rodentia,Mammalia,Omnivore
J124,Sapajus libidinosus,Capuchin monkey,Mammal,Unknown,Wild,"Serra Talhada, State of Pernambuco, Brazil",Brazil,2017,Frozen at -20C,Faeces,QIAamp Fast DNA Stool Mini kit ,Terrestrial,Mammalia,Primates,Mammalia,Omnivore
J126,Sapajus libidinosus,Capuchin monkey,Mammal,Unknown,Wild,"Serra Talhada, State of Pernambuco, Brazil",Brazil,2017,Frozen at -20C,Faeces,QIAamp Fast DNA Stool Mini kit ,Terrestrial,Mammalia,Primates,Mammalia,Omnivore
J138,Sapajus libidinosus,Capuchin monkey,Mammal,Unknown,Wild,"Serra Talhada, State of Pernambuco, Brazil",Brazil,2017,Frozen at -20C,Faeces,QIAamp Fast DNA Stool Mini kit ,Terrestrial,Mammalia,Primates,Mammalia,Omnivore
J146,Sapajus libidinosus,Capuchin monkey,Mammal,Unknown,Wild,"Serra Talhada, State of Pernambuco, Brazil",Brazil,2017,Frozen at -20C,Faeces,QIAamp Fast DNA Stool Mini kit ,Terrestrial,Mammalia,Primates,Mammalia,Omnivore
J147,Sapajus libidinosus,Capuchin monkey,Mammal,Unknown,Wild,"Serra Talhada, State of Pernambuco, Brazil",Brazil,2017,Frozen at -20C,Faeces,QIAamp Fast DNA Stool Mini kit ,Terrestrial,Mammalia,Primates,Mammalia,Omnivore
J163,Sapajus libidinosus,Capuchin monkey,Mammal,Unknown,Wild,"Serra Talhada, State of Pernambuco, Brazil",Brazil,2017,Frozen at -20C,Faeces,QIAamp Fast DNA Stool Mini kit ,Terrestrial,Mammalia,Primates,Mammalia,Omnivore
J169,Sapajus libidinosus,Capuchin monkey,Mammal,Unknown,Wild,"Serra Talhada, State of Pernambuco, Brazil",Brazil,2017,Frozen at -20C,Faeces,QIAamp Fast DNA Stool Mini kit ,Terrestrial,Mammalia,Primates,Mammalia,Omnivore
J176,Sapajus libidinosus,Capuchin monkey,Mammal,Unknown,Wild,"Serra Talhada, State of Pernambuco, Brazil",Brazil,2017,Frozen at -20C,Faeces,QIAamp Fast DNA Stool Mini kit ,Terrestrial,Mammalia,Primates,Mammalia,Omnivore
J189,Sapajus libidinosus,Capuchin monkey,Mammal,Unknown,Wild,"Serra Talhada, State of Pernambuco, Brazil",Brazil,2017,Frozen at -20C,Faeces,QIAamp Fast DNA Stool Mini kit ,Terrestrial,Mammalia,Primates,Mammalia,Omnivore
J196,Sapajus libidinosus,Capuchin monkey,Mammal,Unknown,Wild,"Serra Talhada, State of Pernambuco, Brazil",Brazil,2017,Frozen at -20C,Faeces,QIAamp Fast DNA Stool Mini kit ,Terrestrial,Mammalia,Primates,Mammalia,Omnivore
R1,Diceros bicornis michaeli,Eastern black rhino,Mammal,Female,Captive,"Chester Zoo, Cheshire, UK",Captive,2011,Frozen at -20C,Faeces,QIAamp Fast DNA Stool Mini kit ,Terrestrial,Mammalia,Perissodactyla,Mammalia,Herbivore
R101,Diceros bicornis michaeli,Eastern black rhino,Mammal,Female,Captive,"Chester Zoo, Cheshire, UK",Captive,2011,Frozen at -20C,Faeces,QIAamp Fast DNA Stool Mini kit ,Terrestrial,Mammalia,Perissodactyla,Mammalia,Herbivore
R109,Diceros bicornis michaeli,Eastern black rhino,Mammal,Female,Captive,"Chester Zoo, Cheshire, UK",Captive,2011,Frozen at -20C,Faeces,QIAamp Fast DNA Stool Mini kit ,Terrestrial,Mammalia,Perissodactyla,Mammalia,Herbivore
R113,Diceros bicornis michaeli,Eastern black rhino,Mammal,Female,Captive,"Chester Zoo, Cheshire, UK",Captive,2011,Frozen at -20C,Faeces,QIAamp Fast DNA Stool Mini kit ,Terrestrial,Mammalia,Perissodactyla,Mammalia,Herbivore
R130,Diceros bicornis michaeli,Eastern black rhino,Mammal,Female,Captive,"Chester Zoo, Cheshire, UK",Captive,2011,Frozen at -20C,Faeces,QIAamp Fast DNA Stool Mini kit ,Terrestrial,Mammalia,Perissodactyla,Mammalia,Herbivore
R137,Diceros bicornis michaeli,Eastern black rhino,Mammal,Female,Captive,"Chester Zoo, Cheshire, UK",Captive,2011,Frozen at -20C,Faeces,QIAamp Fast DNA Stool Mini kit ,Terrestrial,Mammalia,Perissodactyla,Mammalia,Herbivore
R147,Diceros bicornis michaeli,Eastern black rhino,Mammal,Female,Captive,"Chester Zoo, Cheshire, UK",Captive,2011,Frozen at -20C,Faeces,QIAamp Fast DNA Stool Mini kit ,Terrestrial,Mammalia,Perissodactyla,Mammalia,Herbivore
R20,Diceros bicornis michaeli,Eastern black rhino,Mammal,Female,Captive,"Chester Zoo, Cheshire, UK",Captive,2011,Frozen at -20C,Faeces,QIAamp Fast DNA Stool Mini kit ,Terrestrial,Mammalia,Perissodactyla,Mammalia,Herbivore
R27,Diceros bicornis michaeli,Eastern black rhino,Mammal,Female,Captive,"Chester Zoo, Cheshire, UK",Captive,2011,Frozen at -20C,Faeces,QIAamp Fast DNA Stool Mini kit ,Terrestrial,Mammalia,Perissodactyla,Mammalia,Herbivore
R49,Diceros bicornis michaeli,Eastern black rhino,Mammal,Female,Captive,"Chester Zoo, Cheshire, UK",Captive,2011,Frozen at -20C,Faeces,QIAamp Fast DNA Stool Mini kit ,Terrestrial,Mammalia,Perissodactyla,Mammalia,Herbivore
Shrew10,Crocidura russula,Greater white-toothed shrew,Mammal,Male,Wild,"Belle Ile, France",France,2018,100% ethanol and frozen at -20C,Gut contents,Qiagen PowerSoil kit,Terrestrial,Mammalia,Eulipotyphla,Mammalia,Carnivore
Shrew11,Crocidura russula,Greater white-toothed shrew,Mammal,Female,Wild,"Belle Ile, France",France,2018,100% ethanol and frozen at -20C,Gut contents,Qiagen PowerSoil kit,Terrestrial,Mammalia,Eulipotyphla,Mammalia,Carnivore
Shrew18,Crocidura russula,Greater white-toothed shrew,Mammal,Female,Wild,"Belle Ile, France",France,2018,100% ethanol and frozen at -20C,Gut contents,Qiagen PowerSoil kit,Terrestrial,Mammalia,Eulipotyphla,Mammalia,Carnivore
Shrew2,Crocidura russula,Greater white-toothed shrew,Mammal,Male,Wild,"Belle Ile, France",France,2018,100% ethanol and frozen at -20C,Gut contents,Qiagen PowerSoil kit,Terrestrial,Mammalia,Eulipotyphla,Mammalia,Carnivore
Shrew20,Crocidura russula,Greater white-toothed shrew,Mammal,Female,Wild,"Belle Ile, France",France,2018,100% ethanol and frozen at -20C,Gut contents,Qiagen PowerSoil kit,Terrestrial,Mammalia,Eulipotyphla,Mammalia,Carnivore
Shrew3,Crocidura russula,Greater white-toothed shrew,Mammal,Male,Wild,"Belle Ile, France",France,2018,100% ethanol and frozen at -20C,Gut contents,Qiagen PowerSoil kit,Terrestrial,Mammalia,Eulipotyphla,Mammalia,Carnivore
Shrew4,Crocidura russula,Greater white-toothed shrew,Mammal,Female,Wild,"Belle Ile, France",France,2018,100% ethanol and frozen at -20C,Gut contents,Qiagen PowerSoil kit,Terrestrial,Mammalia,Eulipotyphla,Mammalia,Carnivore
Shrew5,Crocidura russula,Greater white-toothed shrew,Mammal,Male,Wild,"Belle Ile, France",France,2018,100% ethanol and frozen at -20C,Gut contents,Qiagen PowerSoil kit,Terrestrial,Mammalia,Eulipotyphla,Mammalia,Carnivore
Shrew6,Crocidura russula,Greater white-toothed shrew,Mammal,Female,Wild,"Belle Ile, France",France,2018,100% ethanol and frozen at -20C,Gut contents,Qiagen PowerSoil kit,Terrestrial,Mammalia,Eulipotyphla,Mammalia,Carnivore
Shrew7,Crocidura russula,Greater white-toothed shrew,Mammal,Male,Wild,"Belle Ile, France",France,2018,100% ethanol and frozen at -20C,Gut contents,Qiagen PowerSoil kit,Terrestrial,Mammalia,Eulipotyphla,Mammalia,Carnivore
GS1,Sciurus carolinensis,Grey squirrel,Mammal,Unknown,Wild,"Cumbria, UK",UK,2019,Frozen at -20C,Faeces,Qiagen Microbiome kit,Terrestrial,Mammalia,Rodentia,Mammalia,Omnivore
GS10,Sciurus carolinensis,Grey squirrel,Mammal,Unknown,Wild,"Cumbria, UK",UK,2019,Frozen at -20C,Faeces,Qiagen Microbiome kit,Terrestrial,Mammalia,Rodentia,Mammalia,Omnivore
GS11,Sciurus carolinensis,Grey squirrel,Mammal,Unknown,Wild,"Cumbria, UK",UK,2019,Frozen at -20C,Faeces,Qiagen Microbiome kit,Terrestrial,Mammalia,Rodentia,Mammalia,Omnivore
GS12,Sciurus carolinensis,Grey squirrel,Mammal,Unknown,Wild,"Cumbria, UK",UK,2019,Frozen at -20C,Faeces,Qiagen Microbiome kit,Terrestrial,Mammalia,Rodentia,Mammalia,Omnivore
GS2,Sciurus carolinensis,Grey squirrel,Mammal,Unknown,Wild,"Cumbria, UK",UK,2019,Frozen at -20C,Faeces,Qiagen Microbiome kit,Terrestrial,Mammalia,Rodentia,Mammalia,Omnivore
GS3,Sciurus carolinensis,Grey squirrel,Mammal,Unknown,Wild,"Cumbria, UK",UK,2019,Frozen at -20C,Faeces,Qiagen Microbiome kit,Terrestrial,Mammalia,Rodentia,Mammalia,Omnivore
GS4,Sciurus carolinensis,Grey squirrel,Mammal,Unknown,Wild,"Cumbria, UK",UK,2019,Frozen at -20C,Faeces,Qiagen Microbiome kit,Terrestrial,Mammalia,Rodentia,Mammalia,Omnivore
GS5,Sciurus carolinensis,Grey squirrel,Mammal,Unknown,Wild,"Cumbria, UK",UK,2019,Frozen at -20C,Faeces,Qiagen Microbiome kit,Terrestrial,Mammalia,Rodentia,Mammalia,Omnivore
GS6,Sciurus carolinensis,Grey squirrel,Mammal,Unknown,Wild,"Cumbria, UK",UK,2019,Frozen at -20C,Faeces,Qiagen Microbiome kit,Terrestrial,Mammalia,Rodentia,Mammalia,Omnivore
GS7,Sciurus carolinensis,Grey squirrel,Mammal,Unknown,Wild,"Cumbria, UK",UK,2019,Frozen at -20C,Faeces,Qiagen Microbiome kit,Terrestrial,Mammalia,Rodentia,Mammalia,Omnivore
GS8,Sciurus carolinensis,Grey squirrel,Mammal,Unknown,Wild,"Cumbria, UK",UK,2019,Frozen at -20C,Faeces,Qiagen Microbiome kit,Terrestrial,Mammalia,Rodentia,Mammalia,Omnivore
GS9,Sciurus carolinensis,Grey squirrel,Mammal,Unknown,Wild,"Cumbria, UK",UK,2019,Frozen at -20C,Faeces,Qiagen Microbiome kit,Terrestrial,Mammalia,Rodentia,Mammalia,Omnivore
H18,Erinaceus europaeus,Hedgehog,Mammal,Unknown,Wild,"Cumbria, UK",UK,2019,Frozen at -20C,Faeces,Qiagen Microbiome kit,Terrestrial,Mammalia,Eulipotyphla,Mammalia,Omnivore
H19,Erinaceus europaeus,Hedgehog,Mammal,Unknown,Wild,"Cumbria, UK",UK,2019,Frozen at -20C,Faeces,Qiagen Microbiome kit,Terrestrial,Mammalia,Eulipotyphla,Mammalia,Omnivore
H21x,Erinaceus europaeus,Hedgehog,Mammal,Unknown,Wild,"Cumbria, UK",UK,2019,Frozen at -20C,Faeces,Qiagen Microbiome kit,Terrestrial,Mammalia,Eulipotyphla,Mammalia,Omnivore
H23,Erinaceus europaeus,Hedgehog,Mammal,Unknown,Wild,"Cumbria, UK",UK,2019,Frozen at -20C,Faeces,Qiagen Microbiome kit,Terrestrial,Mammalia,Eulipotyphla,Mammalia,Omnivore
H24,Erinaceus europaeus,Hedgehog,Mammal,Unknown,Wild,"Cumbria, UK",UK,2019,Frozen at -20C,Faeces,Qiagen Microbiome kit,Terrestrial,Mammalia,Eulipotyphla,Mammalia,Omnivore
H27,Erinaceus europaeus,Hedgehog,Mammal,Unknown,Wild,"Cumbria, UK",UK,2019,Frozen at -20C,Faeces,Qiagen Microbiome kit,Terrestrial,Mammalia,Eulipotyphla,Mammalia,Omnivore
H3,Erinaceus europaeus,Hedgehog,Mammal,Unknown,Wild,"Cumbria, UK",UK,2019,Frozen at -20C,Faeces,Qiagen Microbiome kit,Terrestrial,Mammalia,Eulipotyphla,Mammalia,Omnivore
H30,Erinaceus europaeus,Hedgehog,Mammal,Unknown,Wild,"Cumbria, UK",UK,2019,Frozen at -20C,Faeces,Qiagen Microbiome kit,Terrestrial,Mammalia,Eulipotyphla,Mammalia,Omnivore
H34,Erinaceus europaeus,Hedgehog,Mammal,Unknown,Wild,"Cumbria, UK",UK,2019,Frozen at -20C,Faeces,Qiagen Microbiome kit,Terrestrial,Mammalia,Eulipotyphla,Mammalia,Omnivore
H35,Erinaceus europaeus,Hedgehog,Mammal,Unknown,Wild,"Cumbria, UK",UK,2019,Frozen at -20C,Faeces,Qiagen Microbiome kit,Terrestrial,Mammalia,Eulipotyphla,Mammalia,Omnivore
H5,Erinaceus europaeus,Hedgehog,Mammal,Unknown,Wild,"Cumbria, UK",UK,2019,Frozen at -20C,Faeces,Qiagen Microbiome kit,Terrestrial,Mammalia,Eulipotyphla,Mammalia,Omnivore
H6,Erinaceus europaeus,Hedgehog,Mammal,Unknown,Wild,"Cumbria, UK",UK,2019,Frozen at -20C,Faeces,Qiagen Microbiome kit,Terrestrial,Mammalia,Eulipotyphla,Mammalia,Omnivore
LJ250816-20,Rhinolophus hipposideros,Lesser horseshoe bat,Mammal,Unknown,Wild,"Killarney, County Kerry, Ireland",Ireland,2016,Frozen at -20C,Faeces,Zymo DNA Extraction kit,Terrestrial,Mammalia,Chiroptera,Mammalia,Carnivore
LJ250816-29,Rhinolophus hipposideros,Lesser horseshoe bat,Mammal,Female,Wild,"Killarney, County Kerry, Ireland",Ireland,2016,Frozen at -20C,Faeces,Zymo DNA Extraction kit,Terrestrial,Mammalia,Chiroptera,Mammalia,Carnivore
LJ250816-3,Rhinolophus hipposideros,Lesser horseshoe bat,Mammal,Male,Wild,"Killarney, County Kerry, Ireland",Ireland,2016,Frozen at -20C,Faeces,Zymo DNA Extraction kit,Terrestrial,Mammalia,Chiroptera,Mammalia,Carnivore
LJ250816-31,Rhinolophus hipposideros,Lesser horseshoe bat,Mammal,Female,Wild,"Killarney, County Kerry, Ireland",Ireland,2016,Frozen at -20C,Faeces,Zymo DNA Extraction kit,Terrestrial,Mammalia,Chiroptera,Mammalia,Carnivore
LJ250816-34,Rhinolophus hipposideros,Lesser horseshoe bat,Mammal,Male,Wild,"Killarney, County Kerry, Ireland",Ireland,2016,Frozen at -20C,Faeces,Zymo DNA Extraction kit,Terrestrial,Mammalia,Chiroptera,Mammalia,Carnivore
LJ250816-35A,Rhinolophus hipposideros,Lesser horseshoe bat,Mammal,Female,Wild,"Killarney, County Kerry, Ireland",Ireland,2016,Frozen at -20C,Faeces,Zymo DNA Extraction kit,Terrestrial,Mammalia,Chiroptera,Mammalia,Carnivore
LJ250816-35B,Rhinolophus hipposideros,Lesser horseshoe bat,Mammal,Female,Wild,"Killarney, County Kerry, Ireland",Ireland,2016,Frozen at -20C,Faeces,Zymo DNA Extraction kit,Terrestrial,Mammalia,Chiroptera,Mammalia,Carnivore
LJ250816-39,Rhinolophus hipposideros,Lesser horseshoe bat,Mammal,Male,Wild,"Killarney, County Kerry, Ireland",Ireland,2016,Frozen at -20C,Faeces,Zymo DNA Extraction kit,Terrestrial,Mammalia,Chiroptera,Mammalia,Carnivore
LJ250816-5,Rhinolophus hipposideros,Lesser horseshoe bat,Mammal,Unknown,Wild,"Killarney, County Kerry, Ireland",Ireland,2016,Frozen at -20C,Faeces,Zymo DNA Extraction kit,Terrestrial,Mammalia,Chiroptera,Mammalia,Carnivore
LJ250816-6,Rhinolophus hipposideros,Lesser horseshoe bat,Mammal,Female,Wild,"Killarney, County Kerry, Ireland",Ireland,2016,Frozen at -20C,Faeces,Zymo DNA Extraction kit,Terrestrial,Mammalia,Chiroptera,Mammalia,Carnivore
M08,Brachyteles hypoxanthus,Northern muriqui,Mammal,Unknown,Wild,"Caparao National Park, Espirito Santo, Brazil",Brazil,2017/18,RNA Later,Faeces,QIAamp Fast DNA Stool Mini kit ,Terrestrial,Mammalia,Primates,Mammalia,Herbivore
M11,Brachyteles hypoxanthus,Northern muriqui,Mammal,Unknown,Wild,"Caparao National Park, Espirito Santo, Brazil",Brazil,2017/18,RNA Later,Faeces,QIAamp Fast DNA Stool Mini kit ,Terrestrial,Mammalia,Primates,Mammalia,Herbivore
M18,Brachyteles hypoxanthus,Northern muriqui,Mammal,Unknown,Wild,"Caparao National Park, Espirito Santo, Brazil",Brazil,2017/18,RNA Later,Faeces,QIAamp Fast DNA Stool Mini kit ,Terrestrial,Mammalia,Primates,Mammalia,Herbivore
M20,Brachyteles hypoxanthus,Northern muriqui,Mammal,Unknown,Wild,"Caparao National Park, Espirito Santo, Brazil",Brazil,2017/18,RNA Later,Faeces,QIAamp Fast DNA Stool Mini kit ,Terrestrial,Mammalia,Primates,Mammalia,Herbivore
M24,Brachyteles hypoxanthus,Northern muriqui,Mammal,Unknown,Wild,"Caparao National Park, Minas Gerais, Brazil",Brazil,2017/18,RNA Later,Faeces,QIAamp Fast DNA Stool Mini kit ,Terrestrial,Mammalia,Primates,Mammalia,Herbivore
M41,Brachyteles hypoxanthus,Northern muriqui,Mammal,Unknown,Wild,"Caparao National Park, Espirito Santo, Brazil",Brazil,2017/18,RNA Later,Faeces,QIAamp Fast DNA Stool Mini kit ,Terrestrial,Mammalia,Primates,Mammalia,Herbivore
M79,Brachyteles hypoxanthus,Northern muriqui,Mammal,Unknown,Wild,"Caparao National Park, Espirito Santo, Brazil",Brazil,2017/18,RNA Later,Faeces,QIAamp Fast DNA Stool Mini kit ,Terrestrial,Mammalia,Primates,Mammalia,Herbivore
M83,Brachyteles hypoxanthus,Northern muriqui,Mammal,Unknown,Wild,"Caparao National Park, Minas Gerais, Brazil",Brazil,2017/18,RNA Later,Faeces,QIAamp Fast DNA Stool Mini kit ,Terrestrial,Mammalia,Primates,Mammalia,Herbivore
M85,Brachyteles hypoxanthus,Northern muriqui,Mammal,Unknown,Wild,"Caparao National Park, Espirito Santo, Brazil",Brazil,2017/18,RNA Later,Faeces,QIAamp Fast DNA Stool Mini kit ,Terrestrial,Mammalia,Primates,Mammalia,Herbivore
M93,Brachyteles hypoxanthus,Northern muriqui,Mammal,Unknown,Wild,"Caparao National Park, Minas Gerais, Brazil",Brazil,2017/18,RNA Later,Faeces,QIAamp Fast DNA Stool Mini kit ,Terrestrial,Mammalia,Primates,Mammalia,Herbivore
Shrew1,Sorex minutus,Pygmy shrew,Mammal,Female,Wild,"Belle Ile, France",France,2018,100% ethanol and frozen at -20C,Gut contents,Qiagen PowerSoil kit,Terrestrial,Mammalia,Eulipotyphla,Mammalia,Omnivore
Shrew12,Sorex minutus,Pygmy shrew,Mammal,Male,Wild,"Belle Ile, France",France,2018,100% ethanol and frozen at -20C,Gut contents,Qiagen PowerSoil kit,Terrestrial,Mammalia,Eulipotyphla,Mammalia,Omnivore
Shrew13,Sorex minutus,Pygmy shrew,Mammal,Male,Wild,"Belle Ile, France",France,2018,100% ethanol and frozen at -20C,Gut contents,Qiagen PowerSoil kit,Terrestrial,Mammalia,Eulipotyphla,Mammalia,Omnivore
Shrew14,Sorex minutus,Pygmy shrew,Mammal,Female,Wild,"Belle Ile, France",France,2018,100% ethanol and frozen at -20C,Gut contents,Qiagen PowerSoil kit,Terrestrial,Mammalia,Eulipotyphla,Mammalia,Omnivore
Shrew15,Sorex minutus,Pygmy shrew,Mammal,Male,Wild,"Belle Ile, France",France,2018,100% ethanol and frozen at -20C,Gut contents,Qiagen PowerSoil kit,Terrestrial,Mammalia,Eulipotyphla,Mammalia,Omnivore
Shrew16,Sorex minutus,Pygmy shrew,Mammal,Female,Wild,"Belle Ile, France",France,2018,100% ethanol and frozen at -20C,Gut contents,Qiagen PowerSoil kit,Terrestrial,Mammalia,Eulipotyphla,Mammalia,Omnivore
Shrew17,Sorex minutus,Pygmy shrew,Mammal,Male,Wild,"Belle Ile, France",France,2018,100% ethanol and frozen at -20C,Gut contents,Qiagen PowerSoil kit,Terrestrial,Mammalia,Eulipotyphla,Mammalia,Omnivore
Shrew19,Sorex minutus,Pygmy shrew,Mammal,Female,Wild,"Belle Ile, France",France,2018,100% ethanol and frozen at -20C,Gut contents,Qiagen PowerSoil kit,Terrestrial,Mammalia,Eulipotyphla,Mammalia,Omnivore
Shrew8,Sorex minutus,Pygmy shrew,Mammal,Female,Wild,"Belle Ile, France",France,2018,100% ethanol and frozen at -20C,Gut contents,Qiagen PowerSoil kit,Terrestrial,Mammalia,Eulipotyphla,Mammalia,Omnivore
Shrew9,Sorex minutus,Pygmy shrew,Mammal,Male,Wild,"Belle Ile, France",France,2018,100% ethanol and frozen at -20C,Gut contents,Qiagen PowerSoil kit,Terrestrial,Mammalia,Eulipotyphla,Mammalia,Omnivore
DH10,Cervus elaphus,Red deer,Mammal,Unknown,Wild,"Dowth, County Louth",Ireland,2018,Frozen at -20C,Faeces,QIAamp Fast DNA Stool Mini kit ,Terrestrial,Mammalia,Artiodactyla,Mammalia,Herbivore
DH11,Cervus elaphus,Red deer,Mammal,Unknown,Wild,"Dowth, County Louth",Ireland,2018,Frozen at -20C,Faeces,QIAamp Fast DNA Stool Mini kit ,Terrestrial,Mammalia,Artiodactyla,Mammalia,Herbivore
DH12,Cervus elaphus,Red deer,Mammal,Unknown,Wild,"Dowth, County Louth",Ireland,2018,Frozen at -20C,Faeces,QIAamp Fast DNA Stool Mini kit ,Terrestrial,Mammalia,Artiodactyla,Mammalia,Herbivore
DH2,Cervus elaphus,Red deer,Mammal,Unknown,Wild,"Dowth, County Louth",Ireland,2018,Frozen at -20C,Faeces,QIAamp Fast DNA Stool Mini kit ,Terrestrial,Mammalia,Artiodactyla,Mammalia,Herbivore
DH3,Cervus elaphus,Red deer,Mammal,Unknown,Wild,"Dowth, County Louth",Ireland,2018,Frozen at -20C,Faeces,QIAamp Fast DNA Stool Mini kit ,Terrestrial,Mammalia,Artiodactyla,Mammalia,Herbivore
DH4,Cervus elaphus,Red deer,Mammal,Unknown,Wild,"Dowth, County Louth",Ireland,2018,Frozen at -20C,Faeces,QIAamp Fast DNA Stool Mini kit ,Terrestrial,Mammalia,Artiodactyla,Mammalia,Herbivore
DH5,Cervus elaphus,Red deer,Mammal,Unknown,Wild,"Dowth, County Louth",Ireland,2018,Frozen at -20C,Faeces,QIAamp Fast DNA Stool Mini kit ,Terrestrial,Mammalia,Artiodactyla,Mammalia,Herbivore
DH6,Cervus elaphus,Red deer,Mammal,Unknown,Wild,"Dowth, County Louth",Ireland,2018,Frozen at -20C,Faeces,QIAamp Fast DNA Stool Mini kit ,Terrestrial,Mammalia,Artiodactyla,Mammalia,Herbivore
DH7,Cervus elaphus,Red deer,Mammal,Unknown,Wild,"Dowth, County Louth",Ireland,2018,Frozen at -20C,Faeces,QIAamp Fast DNA Stool Mini kit ,Terrestrial,Mammalia,Artiodactyla,Mammalia,Herbivore
DH8,Cervus elaphus,Red deer,Mammal,Unknown,Wild,"Dowth, County Louth",Ireland,2018,Frozen at -20C,Faeces,QIAamp Fast DNA Stool Mini kit ,Terrestrial,Mammalia,Artiodactyla,Mammalia,Herbivore
RS1,Sciurus vulgaris,Red squirrel,Mammal,Unknown,Wild,"Cumbria, UK",UK,2019,Frozen at -20C,Faeces,Qiagen Microbiome kit,Terrestrial,Mammalia,Rodentia,Mammalia,Omnivore
RS10,Sciurus vulgaris,Red squirrel,Mammal,Unknown,Wild,"Cumbria, UK",UK,2019,Frozen at -20C,Faeces,Qiagen Microbiome kit,Terrestrial,Mammalia,Rodentia,Mammalia,Omnivore
RS11,Sciurus vulgaris,Red squirrel,Mammal,Unknown,Wild,"Cumbria, UK",UK,2019,Frozen at -20C,Faeces,Qiagen Microbiome kit,Terrestrial,Mammalia,Rodentia,Mammalia,Omnivore
RS12,Sciurus vulgaris,Red squirrel,Mammal,Unknown,Wild,"Cumbria, UK",UK,2019,Frozen at -20C,Faeces,Qiagen Microbiome kit,Terrestrial,Mammalia,Rodentia,Mammalia,Omnivore
RS2,Sciurus vulgaris,Red squirrel,Mammal,Unknown,Wild,"Cumbria, UK",UK,2019,Frozen at -20C,Faeces,Qiagen Microbiome kit,Terrestrial,Mammalia,Rodentia,Mammalia,Omnivore
RS3,Sciurus vulgaris,Red squirrel,Mammal,Unknown,Wild,"Cumbria, UK",UK,2019,Frozen at -20C,Faeces,Qiagen Microbiome kit,Terrestrial,Mammalia,Rodentia,Mammalia,Omnivore
RS4,Sciurus vulgaris,Red squirrel,Mammal,Unknown,Wild,"Cumbria, UK",UK,2019,Frozen at -20C,Faeces,Qiagen Microbiome kit,Terrestrial,Mammalia,Rodentia,Mammalia,Omnivore
RS5,Sciurus vulgaris,Red squirrel,Mammal,Unknown,Wild,"Cumbria, UK",UK,2019,Frozen at -20C,Faeces,Qiagen Microbiome kit,Terrestrial,Mammalia,Rodentia,Mammalia,Omnivore
RS6,Sciurus vulgaris,Red squirrel,Mammal,Unknown,Wild,"Cumbria, UK",UK,2019,Frozen at -20C,Faeces,Qiagen Microbiome kit,Terrestrial,Mammalia,Rodentia,Mammalia,Omnivore
RS7,Sciurus vulgaris,Red squirrel,Mammal,Unknown,Wild,"Cumbria, UK",UK,2019,Frozen at -20C,Faeces,Qiagen Microbiome kit,Terrestrial,Mammalia,Rodentia,Mammalia,Omnivore
RS8,Sciurus vulgaris,Red squirrel,Mammal,Unknown,Wild,"Cumbria, UK",UK,2019,Frozen at -20C,Faeces,Qiagen Microbiome kit,Terrestrial,Mammalia,Rodentia,Mammalia,Omnivore
RS9,Sciurus vulgaris,Red squirrel,Mammal,Unknown,Wild,"Cumbria, UK",UK,2019,Frozen at -20C,Faeces,Qiagen Microbiome kit,Terrestrial,Mammalia,Rodentia,Mammalia,Omnivore
ROE1,Capreolus capreolus,Roe deer,Mammal,Male,Wild,"Cumbria, UK",UK,2019,Frozen at -20C,Faeces,Qiagen Microbiome kit,Terrestrial,Mammalia,Artiodactyla,Mammalia,Herbivore
ROE2,Capreolus capreolus,Roe deer,Mammal,Male,Wild,"Cumbria, UK",UK,2019,Frozen at -20C,Faeces,Qiagen Microbiome kit,Terrestrial,Mammalia,Artiodactyla,Mammalia,Herbivore
ROE3,Capreolus capreolus,Roe deer,Mammal,Male,Wild,"Cumbria, UK",UK,2019,Frozen at -20C,Faeces,Qiagen Microbiome kit,Terrestrial,Mammalia,Artiodactyla,Mammalia,Herbivore
ROE4,Capreolus capreolus,Roe deer,Mammal,Male,Wild,"Cumbria, UK",UK,2019,Frozen at -20C,Faeces,Qiagen Microbiome kit,Terrestrial,Mammalia,Artiodactyla,Mammalia,Herbivore
ROE5,Capreolus capreolus,Roe deer,Mammal,Male,Wild,"Cumbria, UK",UK,2019,Frozen at -20C,Faeces,Qiagen Microbiome kit,Terrestrial,Mammalia,Artiodactyla,Mammalia,Herbivore
ROE6,Capreolus capreolus,Roe deer,Mammal,Male,Wild,"Cumbria, UK",UK,2019,Frozen at -20C,Faeces,Qiagen Microbiome kit,Terrestrial,Mammalia,Artiodactyla,Mammalia,Herbivore
ROE7,Capreolus capreolus,Roe deer,Mammal,Male,Wild,"Cumbria, UK",UK,2019,Frozen at -20C,Faeces,Qiagen Microbiome kit,Terrestrial,Mammalia,Artiodactyla,Mammalia,Herbivore
CV103,Apodemus agrarius,Striped field mouse,Mammal,Male,Wild,"Chernobyl, Ukraine",Ukraine,2017,100% ethanol and frozen at -20C,Faeces,Invitrogen Microbiome kit,Terrestrial,Mammalia,Rodentia,Mammalia,Omnivore
CV131,Apodemus agrarius,Striped field mouse,Mammal,Female,Wild,"Chernobyl, Ukraine",Ukraine,2017,100% ethanol and frozen at -20C,Faeces,Invitrogen Microbiome kit,Terrestrial,Mammalia,Rodentia,Mammalia,Omnivore
CV144,Apodemus agrarius,Striped field mouse,Mammal,Male,Wild,"Chernobyl, Ukraine",Ukraine,2017,100% ethanol and frozen at -20C,Faeces,Invitrogen Microbiome kit,Terrestrial,Mammalia,Rodentia,Mammalia,Omnivore
CV145,Apodemus agrarius,Striped field mouse,Mammal,Male,Wild,"Chernobyl, Ukraine",Ukraine,2017,100% ethanol and frozen at -20C,Faeces,Invitrogen Microbiome kit,Terrestrial,Mammalia,Rodentia,Mammalia,Omnivore
CV156,Apodemus agrarius,Striped field mouse,Mammal,Female,Wild,"Chernobyl, Ukraine",Ukraine,2017,100% ethanol and frozen at -20C,Faeces,Invitrogen Microbiome kit,Terrestrial,Mammalia,Rodentia,Mammalia,Omnivore
CV159,Apodemus agrarius,Striped field mouse,Mammal,Female,Wild,"Chernobyl, Ukraine",Ukraine,2017,100% ethanol and frozen at -20C,Faeces,Invitrogen Microbiome kit,Terrestrial,Mammalia,Rodentia,Mammalia,Omnivore
CV163,Apodemus agrarius,Striped field mouse,Mammal,Male,Wild,"Chernobyl, Ukraine",Ukraine,2017,100% ethanol and frozen at -20C,Faeces,Invitrogen Microbiome kit,Terrestrial,Mammalia,Rodentia,Mammalia,Omnivore
CV179,Apodemus agrarius,Striped field mouse,Mammal,Female,Wild,"Chernobyl, Ukraine",Ukraine,2017,100% ethanol and frozen at -20C,Faeces,Invitrogen Microbiome kit,Terrestrial,Mammalia,Rodentia,Mammalia,Omnivore
CV191,Apodemus agrarius,Striped field mouse,Mammal,Female,Wild,"Chernobyl, Ukraine",Ukraine,2017,100% ethanol and frozen at -20C,Faeces,Invitrogen Microbiome kit,Terrestrial,Mammalia,Rodentia,Mammalia,Omnivore
CV20,Apodemus agrarius,Striped field mouse,Mammal,Male,Wild,"Chernobyl, Ukraine",Ukraine,2017,100% ethanol and frozen at -20C,Faeces,Invitrogen Microbiome kit,Terrestrial,Mammalia,Rodentia,Mammalia,Omnivore
P10,Equus ferus caballus,Wild pony,Mammal,Female,Wild,"Snowdonia National Park, Wales",UK,2013,Frozen at -20C,Faeces,QIAamp Fast DNA Stool Mini kit ,Terrestrial,Mammalia,Perissodactyla,Mammalia,Herbivore
P100,Equus ferus caballus,Wild pony,Mammal,Female,Wild,"Snowdonia National Park, Wales",UK,2013,Frozen at -20C,Faeces,QIAamp Fast DNA Stool Mini kit ,Terrestrial,Mammalia,Perissodactyla,Mammalia,Herbivore
P103,Equus ferus caballus,Wild pony,Mammal,Female,Wild,"Snowdonia National Park, Wales",UK,2013,Frozen at -20C,Faeces,QIAamp Fast DNA Stool Mini kit ,Terrestrial,Mammalia,Perissodactyla,Mammalia,Herbivore
P104,Equus ferus caballus,Wild pony,Mammal,Male,Wild,"Snowdonia National Park, Wales",UK,2013,Frozen at -20C,Faeces,QIAamp Fast DNA Stool Mini kit ,Terrestrial,Mammalia,Perissodactyla,Mammalia,Herbivore
P107,Equus ferus caballus,Wild pony,Mammal,Female,Wild,"Snowdonia National Park, Wales",UK,2013,Frozen at -20C,Faeces,QIAamp Fast DNA Stool Mini kit ,Terrestrial,Mammalia,Perissodactyla,Mammalia,Herbivore
P108,Equus ferus caballus,Wild pony,Mammal,Male,Wild,"Snowdonia National Park, Wales",UK,2013,Frozen at -20C,Faeces,QIAamp Fast DNA Stool Mini kit ,Terrestrial,Mammalia,Perissodactyla,Mammalia,Herbivore
P111,Equus ferus caballus,Wild pony,Mammal,Female,Wild,"Snowdonia National Park, Wales",UK,2013,Frozen at -20C,Faeces,QIAamp Fast DNA Stool Mini kit ,Terrestrial,Mammalia,Perissodactyla,Mammalia,Herbivore
P115,Equus ferus caballus,Wild pony,Mammal,Male,Wild,"Snowdonia National Park, Wales",UK,2013,Frozen at -20C,Faeces,QIAamp Fast DNA Stool Mini kit ,Terrestrial,Mammalia,Perissodactyla,Mammalia,Herbivore
P116,Equus ferus caballus,Wild pony,Mammal,Male,Wild,"Snowdonia National Park, Wales",UK,2013,Frozen at -20C,Faeces,QIAamp Fast DNA Stool Mini kit ,Terrestrial,Mammalia,Perissodactyla,Mammalia,Herbivore
P48,Equus ferus caballus,Wild pony,Mammal,Male,Wild,"Snowdonia National Park, Wales",UK,2013,Frozen at -20C,Faeces,QIAamp Fast DNA Stool Mini kit ,Terrestrial,Mammalia,Perissodactyla,Mammalia,Herbivore
CV100,Apodemus sylvaticus,Wood mouse,Mammal,Female,Wild,"Chernobyl, Ukraine",Ukraine,2017,100% ethanol and frozen at -20C,Faeces,Invitrogen Microbiome kit,Terrestrial,Mammalia,Rodentia,Mammalia,Omnivore
CV105,Apodemus sylvaticus,Wood mouse,Mammal,Male,Wild,"Chernobyl, Ukraine",Ukraine,2017,100% ethanol and frozen at -20C,Faeces,Invitrogen Microbiome kit,Terrestrial,Mammalia,Rodentia,Mammalia,Omnivore
CV2,Apodemus sylvaticus,Wood mouse,Mammal,Male,Wild,"Chernobyl, Ukraine",Ukraine,2017,100% ethanol and frozen at -20C,Faeces,Invitrogen Microbiome kit,Terrestrial,Mammalia,Rodentia,Mammalia,Omnivore
CV31,Apodemus sylvaticus,Wood mouse,Mammal,Male,Wild,"Chernobyl, Ukraine",Ukraine,2017,100% ethanol and frozen at -20C,Faeces,Invitrogen Microbiome kit,Terrestrial,Mammalia,Rodentia,Mammalia,Omnivore
CV34,Apodemus sylvaticus,Wood mouse,Mammal,Female,Wild,"Chernobyl, Ukraine",Ukraine,2017,100% ethanol and frozen at -20C,Faeces,Invitrogen Microbiome kit,Terrestrial,Mammalia,Rodentia,Mammalia,Omnivore
CV4,Apodemus sylvaticus,Wood mouse,Mammal,Female,Wild,"Chernobyl, Ukraine",Ukraine,2017,100% ethanol and frozen at -20C,Faeces,Invitrogen Microbiome kit,Terrestrial,Mammalia,Rodentia,Mammalia,Omnivore
CV45,Apodemus sylvaticus,Wood mouse,Mammal,Male,Wild,"Chernobyl, Ukraine",Ukraine,2017,100% ethanol and frozen at -20C,Faeces,Invitrogen Microbiome kit,Terrestrial,Mammalia,Rodentia,Mammalia,Omnivore
CV5,Apodemus sylvaticus,Wood mouse,Mammal,Male,Wild,"Chernobyl, Ukraine",Ukraine,2017,100% ethanol and frozen at -20C,Faeces,Invitrogen Microbiome kit,Terrestrial,Mammalia,Rodentia,Mammalia,Omnivore
CV6,Apodemus sylvaticus,Wood mouse,Mammal,Female,Wild,"Chernobyl, Ukraine",Ukraine,2017,100% ethanol and frozen at -20C,Faeces,Invitrogen Microbiome kit,Terrestrial,Mammalia,Rodentia,Mammalia,Omnivore
CV80,Apodemus sylvaticus,Wood mouse,Mammal,Male,Wild,"Chernobyl, Ukraine",Ukraine,2017,100% ethanol and frozen at -20C,Faeces,Invitrogen Microbiome kit,Terrestrial,Mammalia,Rodentia,Mammalia,Omnivore
CV104,Apodemus flavicollis,Yellow-necked mouse,Mammal,Male,Wild,"Chernobyl, Ukraine",Ukraine,2017,100% ethanol and frozen at -20C,Faeces,Invitrogen Microbiome kit,Terrestrial,Mammalia,Rodentia,Mammalia,Omnivore
CV109,Apodemus flavicollis,Yellow-necked mouse,Mammal,Male,Wild,"Chernobyl, Ukraine",Ukraine,2017,100% ethanol and frozen at -20C,Faeces,Invitrogen Microbiome kit,Terrestrial,Mammalia,Rodentia,Mammalia,Omnivore
CV111,Apodemus flavicollis,Yellow-necked mouse,Mammal,Female,Wild,"Chernobyl, Ukraine",Ukraine,2017,100% ethanol and frozen at -20C,Faeces,Invitrogen Microbiome kit,Terrestrial,Mammalia,Rodentia,Mammalia,Omnivore
CV124,Apodemus flavicollis,Yellow-necked mouse,Mammal,Male,Wild,"Chernobyl, Ukraine",Ukraine,2017,100% ethanol and frozen at -20C,Faeces,Invitrogen Microbiome kit,Terrestrial,Mammalia,Rodentia,Mammalia,Omnivore
CV132,Apodemus flavicollis,Yellow-necked mouse,Mammal,Female,Wild,"Chernobyl, Ukraine",Ukraine,2017,100% ethanol and frozen at -20C,Faeces,Invitrogen Microbiome kit,Terrestrial,Mammalia,Rodentia,Mammalia,Omnivore
CV141,Apodemus flavicollis,Yellow-necked mouse,Mammal,Female,Wild,"Chernobyl, Ukraine",Ukraine,2017,100% ethanol and frozen at -20C,Faeces,Invitrogen Microbiome kit,Terrestrial,Mammalia,Rodentia,Mammalia,Omnivore
CV142,Apodemus flavicollis,Yellow-necked mouse,Mammal,Male,Wild,"Chernobyl, Ukraine",Ukraine,2017,100% ethanol and frozen at -20C,Faeces,Invitrogen Microbiome kit,Terrestrial,Mammalia,Rodentia,Mammalia,Omnivore
CV151,Apodemus flavicollis,Yellow-necked mouse,Mammal,Male,Wild,"Chernobyl, Ukraine",Ukraine,2017,100% ethanol and frozen at -20C,Faeces,Invitrogen Microbiome kit,Terrestrial,Mammalia,Rodentia,Mammalia,Omnivore
CV160,Apodemus flavicollis,Yellow-necked mouse,Mammal,Female,Wild,"Chernobyl, Ukraine",Ukraine,2017,100% ethanol and frozen at -20C,Faeces,Invitrogen Microbiome kit,Terrestrial,Mammalia,Rodentia,Mammalia,Omnivore
CV166,Apodemus flavicollis,Yellow-necked mouse,Mammal,Female,Wild,"Chernobyl, Ukraine",Ukraine,2017,100% ethanol and frozen at -20C,Faeces,Invitrogen Microbiome kit,Terrestrial,Mammalia,Rodentia,Mammalia,Omnivore